time,x,y,yaw,desired_heading,CTE,ATE,left_vel,right_vel,P,I,D
01:49:03.959,-1.88044,-4.26359,14.75,39.6009,-3.57286,-2.99148,78.9253,41.0747,17.3492,0.522738,1.05341
01:49:04.210,-1.88044,-4.26359,14.75,39.6009,-3.57286,-2.99148,70.4734,49.5266,17.3492,0.131151,-7.00691
01:49:04.462,-1.88044,-4.26359,14.75,39.6009,-3.57286,-2.99148,76.3203,43.6797,17.3492,0.131165,-1.16005
01:49:04.714,-1.88044,-4.26359,14.75,39.6009,-3.57286,-2.99148,77.2883,42.7117,17.3492,0.131176,-0.192041
01:49:04.967,-1.88044,-4.26359,14.75,39.6009,-3.57286,-2.99148,77.4485,42.5515,17.3492,0.131146,-0.0317977
01:49:05.219,-1.88044,-4.26359,14.75,39.6009,-3.57286,-2.99148,77.4752,42.5248,17.3492,0.131321,-0.00525914
01:49:05.471,-1.88044,-4.26359,14.75,39.6009,-3.57286,-2.99148,77.4795,42.5205,17.3492,0.131166,-0.000870682
01:49:05.722,-1.88044,-4.26359,14.75,39.6009,-3.57286,-2.99148,77.48,42.52,17.3492,0.130985,-0.000144313
01:49:05.975,-1.88044,-4.26359,14.75,39.6009,-3.57286,-2.99148,77.4804,42.5196,17.3492,0.131293,-2.38727e-05
01:49:06.228,-1.88044,-4.26359,14.75,39.6009,-3.57286,-2.99148,77.4804,42.5196,17.3492,0.131184,-3.95184e-06
01:49:06.478,-1.88044,-4.26359,14.75,39.6009,-3.57286,-2.99148,77.4802,42.5198,17.3492,0.131035,-6.54799e-07
01:49:06.731,-1.88044,-4.26359,14.75,39.6009,-3.57286,-2.99148,77.4804,42.5196,17.3492,0.131273,-1.08332e-07
01:49:06.982,-1.88044,-4.26359,14.75,39.6009,-3.57286,-2.99148,77.4802,42.5198,17.3492,0.131048,-1.79486e-08
01:49:07.235,-1.88044,-4.26359,14.75,39.6009,-3.57286,-2.99148,77.4804,42.5196,17.3492,0.131237,-2.97015e-09
01:49:07.487,-1.88044,-4.26359,14.75,39.6009,-3.57286,-2.99148,77.4803,42.5197,17.3492,0.131166,-4.91726e-10
01:49:07.739,-1.88044,-4.26359,14.75,39.6009,-3.57286,-2.99148,77.4803,42.5197,17.3492,0.131175,-8.14038e-11
01:49:07.991,-1.88044,-4.26359,14.75,39.6009,-3.57286,-2.99148,77.4803,42.5197,17.3492,0.131176,-1.34761e-11
01:49:08.247,-1.88044,-4.26359,14.75,39.6009,-3.57286,-2.99148,77.4807,42.5193,17.3492,0.131559,-2.22549e-12
01:49:08.498,-1.88044,-4.26359,14.75,39.6009,-3.57286,-2.99148,77.4802,42.5198,17.3492,0.131017,-3.68793e-13
01:49:08.753,-1.88044,-4.26359,14.75,39.6009,-3.57286,-2.99148,77.4811,42.5189,17.3492,0.131969,-6.07456e-14
01:49:08.999,-1.88044,-4.26359,14.75,39.6009,-3.57286,-2.99148,77.4793,42.5207,17.3492,0.130115,-1.01245e-14
01:49:09.255,-1.88044,-4.26359,14.75,39.6009,-3.57286,-2.99148,77.4807,42.5193,17.3492,0.131576,-1.67182e-15
01:49:09.506,-1.88044,-4.26359,14.75,39.6009,-3.57286,-2.99148,77.4801,42.5199,17.3492,0.130954,-2.77153e-16
01:49:09.758,-1.88044,-4.26359,14.75,39.6009,-3.57286,-2.99148,77.4805,42.5195,17.3492,0.131336,-4.5835e-17
01:49:10.007,-1.88044,-4.26359,14.75,39.6009,-3.57286,-2.99148,77.4799,42.5201,17.3492,0.13072,-7.60985e-18
01:49:10.263,-1.88044,-4.26359,14.75,39.6009,-3.57286,-2.99148,77.4811,42.5189,17.3492,0.131901,-1.254e-18
01:49:10.511,-1.88044,-4.26359,14.75,39.6009,-3.57286,-2.99148,77.4796,42.5204,17.3492,0.130464,-2.08539e-19
01:49:10.763,-1.88044,-4.26359,14.75,39.6009,-3.57286,-2.99148,77.4803,42.5197,17.3492,0.131078,-3.45443e-20
01:49:11.016,-1.88044,-4.26359,14.75,39.6009,-3.57286,-2.99148,77.4806,42.5194,17.3492,0.131448,-5.70877e-21
01:49:11.271,-1.88044,-4.26359,14.75,39.6009,-3.57286,-2.99148,77.4805,42.5195,17.3492,0.131324,-9.44173e-22
01:49:11.519,-1.88044,-4.26359,14.75,39.6009,-3.57286,-2.99148,77.48,42.52,17.3492,0.130804,-1.56675e-22
01:49:11.771,-1.88044,-4.26359,14.75,39.6009,-3.57286,-2.99148,77.4803,42.5197,17.3492,0.131142,-2.59425e-23
01:49:12.023,-1.88044,-4.26359,14.75,39.6009,-3.57286,-2.99148,77.4803,42.5197,17.3492,0.131104,-4.29665e-24
01:49:12.280,-1.88044,-4.26359,14.75,39.6009,-3.57286,-2.99148,77.4807,42.5193,17.3492,0.131487,-7.09887e-25
01:49:12.527,-0.774298,-4.26359,14.75,42.6622,-3.88033,-1.92894,80.5112,39.4888,19.4864,0.139015,0.885786
01:49:12.783,-0.774298,-4.26359,14.75,42.6622,-3.88033,-1.92894,78.8983,41.1017,19.4864,0.147815,-0.735869
01:49:13.032,-0.774298,-4.26359,14.75,42.6622,-3.88033,-1.92894,79.5111,40.4889,19.4864,0.146844,-0.12216
01:49:13.283,-0.774298,-4.26359,14.75,42.6622,-3.88033,-1.92894,79.6134,40.3866,19.4864,0.14724,-0.0202339
01:49:13.539,-0.774298,-4.26359,14.75,42.6622,-3.88033,-1.92894,79.6307,40.3693,19.4864,0.14768,-0.00334311
01:49:13.787,-0.774298,-4.26359,14.75,42.6622,-3.88033,-1.92894,79.6327,40.3673,19.4864,0.146911,-0.000554769
01:49:14.043,-0.774298,-4.26359,14.75,42.6622,-3.88033,-1.92894,79.6341,40.3659,19.4864,0.147832,-9.15821e-05
01:49:14.295,-0.774298,-4.26359,14.75,42.6622,-3.88033,-1.92894,79.6337,40.3663,19.4864,0.147392,-1.51562e-05
01:49:14.543,-0.774298,-4.26359,14.75,42.6622,-3.88033,-1.92894,79.6332,40.3668,19.4864,0.14679,-2.51681e-06
01:49:14.795,-0.774298,-4.26359,14.75,42.6622,-3.88033,-1.92894,79.6336,40.3664,19.4864,0.147282,-4.16773e-07
01:49:15.052,-0.774298,-4.26359,14.75,42.6622,-3.88033,-1.92894,79.6346,40.3654,19.4864,0.14825,-6.86392e-08
01:49:15.302,-0.774298,-4.26359,14.75,42.6622,-3.88033,-1.92894,79.6328,40.3672,19.4864,0.146477,-1.14184e-08
01:49:15.553,-0.774298,-4.26359,14.75,42.6622,-3.88033,-1.92894,79.634,40.366,19.4864,0.147596,-1.88749e-09
01:49:15.806,-0.774298,-4.26359,14.75,42.6622,-3.88033,-1.92894,79.6337,40.3663,19.4864,0.147296,-3.12534e-10
01:49:16.059,-0.774298,-4.26359,14.75,42.6622,-3.88033,-1.92894,79.6339,40.3661,19.4864,0.147488,-5.1694e-11
01:49:16.311,-0.774298,-4.26359,14.75,42.6622,-3.88033,-1.92894,79.6335,40.3665,19.4864,0.147163,-8.56608e-12
01:49:16.559,-0.774298,-4.26359,14.75,42.6622,-3.88033,-1.92894,79.6333,40.3667,19.4864,0.146949,-1.42118e-12
01:49:16.814,-0.774298,-4.26359,14.75,42.6622,-3.88033,-1.92894,79.6341,40.3659,19.4864,0.147713,-2.34769e-13
01:49:17.067,-0.774298,-4.26359,14.75,42.6622,-3.88033,-1.92894,79.6336,40.3664,19.4864,0.147201,-3.88947e-14
01:49:17.319,-0.774298,-4.26359,14.75,42.6622,-3.88033,-1.92894,79.6337,40.3663,19.4864,0.147369,-6.43761e-15
01:49:17.567,-0.774298,-4.26359,14.75,42.6622,-3.88033,-1.92894,79.6333,40.3667,19.4864,0.146975,-1.0679e-15
01:49:17.824,-0.774298,-4.26359,14.75,42.6622,-3.88033,-1.92894,79.6342,40.3658,19.4864,0.147819,-1.76302e-16
01:49:18.071,-0.774298,-4.26359,14.75,42.6622,-3.88033,-1.92894,79.6332,40.3668,19.4864,0.146843,-2.92678e-17
01:49:18.327,-0.774298,-4.26359,14.75,42.6622,-3.88033,-1.92894,79.6341,40.3659,19.4864,0.147717,-4.83472e-18
01:49:18.575,-0.774298,-4.26359,14.75,42.6622,-3.88033,-1.92894,79.6333,40.3667,19.4864,0.146908,-8.02307e-19
01:49:18.829,-0.774298,-4.26359,14.75,42.6622,-3.88033,-1.92894,79.6339,40.3661,19.4864,0.147574,-1.32639e-19
01:49:19.079,-0.774298,-4.26359,14.75,42.6622,-3.88033,-1.92894,79.6335,40.3665,19.4864,0.147113,-2.19855e-20
01:49:19.335,-0.774298,-4.26359,14.75,42.6622,-3.88033,-1.92894,79.634,40.366,19.4864,0.147584,-3.63448e-21
01:49:19.586,-0.774298,-4.26359,14.75,42.6622,-3.88033,-1.92894,79.6338,40.3662,19.4864,0.147405,-6.01437e-22
01:49:19.839,-0.774298,-4.26359,14.75,42.6622,-3.88033,-1.92894,79.6336,40.3664,19.4864,0.147248,-9.96147e-23
01:49:20.087,-0.774298,-4.26359,14.75,42.6622,-3.88033,-1.92894,79.6333,40.3667,19.4864,0.146958,-1.65261e-23
01:49:20.342,-0.774298,-4.26359,14.75,42.6622,-3.88033,-1.92894,79.634,40.366,19.4864,0.147649,-2.73097e-24
01:49:20.596,-0.774298,-4.26359,14.75,42.6622,-3.88033,-1.92894,79.6337,40.3663,19.4864,0.147308,-4.52171e-25
01:49:20.843,-0.774298,-4.26359,14.75,42.6622,-3.88033,-1.92894,79.6333,40.3667,19.4864,0.14697,-7.50101e-26
01:49:21.095,-0.774298,-4.26359,14.75,42.6622,-3.88033,-1.92894,79.6337,40.3663,19.4864,0.147369,-1.24152e-26
01:49:21.347,-0.774298,-4.26359,14.75,42.6622,-3.88033,-1.92894,79.6337,40.3663,19.4864,0.147283,-2.05589e-27
01:49:21.599,-0.774298,-4.26359,14.75,42.6622,-3.88033,-1.92894,79.6337,40.3663,19.4864,0.147293,-3.40426e-28
01:49:21.855,-0.774298,-4.26359,14.75,42.6622,-3.88033,-1.92894,79.634,40.366,19.4864,0.147652,-5.62553e-29
01:49:22.104,-0.774298,-4.26359,14.75,42.6622,-3.88033,-1.92894,79.6336,40.3664,19.4864,0.147275,-9.31601e-30
01:49:22.357,-0.774298,-4.26359,14.75,42.6622,-3.88033,-1.92894,79.6342,40.3658,19.4864,0.1478,-1.53818e-30
01:49:22.611,-0.774298,-4.26359,14.75,42.6622,-3.88033,-1.92894,79.6334,40.3666,19.4864,0.147021,-2.55093e-31
01:49:22.863,-0.774298,-4.26359,14.75,42.6622,-3.88033,-1.92894,79.6336,40.3664,19.4864,0.147214,-4.22585e-32
01:49:23.111,-0.774298,-4.26359,14.75,42.6622,-3.88033,-1.92894,79.6333,40.3667,19.4864,0.146916,-7.01236e-33
01:49:23.363,-0.774298,-4.26359,14.75,42.6622,-3.88033,-1.92894,79.6338,40.3662,19.4864,0.147423,-1.16029e-33
01:49:23.615,-0.774298,-4.26359,14.75,42.6622,-3.88033,-1.92894,79.6337,40.3663,19.4864,0.147287,-1.92133e-34
01:49:23.871,-0.774298,-4.26359,14.75,42.6622,-3.88033,-1.92894,79.6339,40.3661,19.4864,0.14757,-3.17645e-35
01:49:24.123,-0.774298,-4.26359,14.75,42.6622,-3.88033,-1.92894,79.6338,40.3662,19.4864,0.14741,-5.25627e-36
01:49:24.372,-0.774298,-4.26359,14.75,42.6622,-3.88033,-1.92894,79.6337,40.3663,19.4864,0.147306,-8.70297e-37
01:49:24.628,-0.774298,-4.26359,14.75,42.6622,-3.88033,-1.92894,79.6338,40.3662,19.4864,0.147421,-1.44004e-37
01:49:24.881,-0.774298,-4.26359,14.75,42.6622,-3.88033,-1.92894,79.6338,40.3662,19.4864,0.147408,-2.38294e-38
01:49:25.131,-0.774298,-4.26359,14.75,42.6622,-3.88033,-1.92894,79.6334,40.3666,19.4864,0.147066,-3.95088e-39
01:49:25.383,-0.774298,-4.26359,14.75,42.6622,-3.88033,-1.92894,79.6337,40.3663,19.4864,0.147304,-6.54169e-40
01:49:25.635,-0.774298,-4.26359,14.75,42.6622,-3.88033,-1.92894,79.6338,40.3662,19.4864,0.147479,-1.08207e-40
01:49:25.887,-0.774298,-4.26359,14.75,42.6622,-3.88033,-1.92894,79.6337,40.3663,19.4864,0.147339,-1.79129e-41
01:49:26.135,-0.774298,-4.26359,14.75,42.6622,-3.88033,-1.92894,79.6332,40.3668,19.4864,0.146857,-2.97344e-42
01:49:26.387,-0.774298,-4.26359,14.75,42.6622,-3.88033,-1.92894,79.6337,40.3663,19.4864,0.147285,-4.92381e-43
01:49:26.643,-0.774298,-4.26359,14.75,42.6622,-3.88033,-1.92894,79.6342,40.3658,19.4864,0.1478,-8.12977e-44
01:49:26.891,-0.774298,-4.26359,14.75,42.6622,-3.88033,-1.92894,79.6332,40.3668,19.4864,0.146815,-1.34982e-44
01:49:27.147,-0.774298,-4.26359,14.75,42.6622,-3.88033,-1.92894,79.6341,40.3659,19.4864,0.147722,-2.22969e-45
01:49:27.395,-0.774298,-4.26359,14.75,42.6622,-3.88033,-1.92894,79.6333,40.3667,19.4864,0.146936,-3.69953e-46
01:49:27.653,-0.774298,-4.26359,14.75,42.6622,-3.88033,-1.92894,79.6342,40.3658,19.4864,0.147809,-6.10802e-47
01:49:27.904,-0.774298,-4.26359,14.75,42.6622,-3.88033,-1.92894,79.6343,40.3657,19.4864,0.147885,-1.00802e-47
01:49:28.151,-0.774298,-4.26359,14.75,42.6622,-3.88033,-1.92894,79.6327,40.3673,19.4864,0.146335,-1.67824e-48
01:49:28.407,-0.774298,-4.26359,14.75,42.6622,-3.88033,-1.92894,79.634,40.366,19.4864,0.147655,-2.77324e-49
01:49:28.655,-0.774298,-4.26359,14.75,42.6622,-3.88033,-1.92894,79.6333,40.3667,19.4864,0.14694,-4.60127e-50
01:49:28.910,-0.774298,-4.26359,14.75,42.6622,-3.88033,-1.92894,79.634,40.366,19.4864,0.147602,-7.60573e-51
01:49:29.159,-0.774298,-4.26359,14.75,42.6622,-3.88033,-1.92894,79.6334,40.3666,19.4864,0.147005,-1.26146e-51
01:49:29.415,-0.774298,-4.26359,14.75,42.6622,-3.88033,-1.92894,79.6341,40.3659,19.4864,0.14774,-2.08351e-52
01:49:29.667,-0.774298,-4.26359,14.75,42.6622,-3.88033,-1.92894,79.6336,40.3664,19.4864,0.147281,-3.45021e-53
01:49:29.919,-0.774298,-4.26359,14.75,42.6622,-3.88033,-1.92894,79.6337,40.3663,19.4864,0.147284,-5.71332e-54
01:49:30.167,-0.774298,-4.26359,14.75,42.6622,-3.88033,-1.92894,79.6332,40.3668,19.4864,0.14684,-9.48479e-55
01:49:30.419,-0.774298,-4.26359,14.75,42.6622,-3.88033,-1.92894,79.6338,40.3662,19.4864,0.147416,-1.56945e-55
01:49:30.671,-0.774298,-4.26359,14.75,42.6622,-3.88033,-1.92894,79.6337,40.3663,19.4864,0.147339,-2.59809e-56
01:49:30.923,-0.774298,-4.26359,14.75,42.6622,-3.88033,-1.92894,79.6338,40.3662,19.4864,0.147412,-4.29918e-57
01:49:31.178,-0.774298,-4.26359,14.75,42.6622,-3.88033,-1.92894,79.6339,40.3661,19.4864,0.147581,-7.10721e-58
01:49:31.431,-0.774298,-4.26359,14.75,42.6622,-3.88033,-1.92894,79.6338,40.3662,19.4864,0.147479,-1.17561e-58
01:49:31.683,-0.774298,-4.26359,14.75,42.6622,-3.88033,-1.92894,79.6335,40.3665,19.4864,0.147134,-1.94839e-59
01:49:31.935,-0.774298,-4.26359,14.75,42.6622,-3.88033,-1.92894,79.6337,40.3663,19.4864,0.147356,-3.2251e-60
01:49:32.183,-0.774298,-4.26359,14.75,42.6622,-3.88033,-1.92894,79.6333,40.3667,19.4864,0.146962,-5.35032e-61
01:49:32.439,-0.774298,-4.26359,14.75,42.6622,-3.88033,-1.92894,79.6343,40.3657,19.4864,0.147893,-8.82934e-62
01:49:32.687,-0.774298,-4.26359,14.75,42.6622,-3.88033,-1.92894,79.633,40.367,19.4864,0.146658,-1.46729e-62
01:49:32.939,-0.774298,-4.26359,14.75,42.6622,-3.88033,-1.92894,79.6338,40.3662,19.4864,0.147391,-2.42827e-63
01:49:33.197,-0.774298,-4.26359,14.75,42.6622,-3.88033,-1.92894,79.634,40.366,19.4864,0.147654,-4.01267e-64
01:49:33.446,-0.774298,-4.26359,14.75,42.6622,-3.88033,-1.92894,79.6334,40.3666,19.4864,0.147003,-6.65531e-65
01:49:33.700,-0.774298,-4.26359,14.75,42.6622,-3.88033,-1.92894,79.6346,40.3654,19.4864,0.148262,-1.096e-65
01:49:33.947,-0.774298,-4.26359,14.75,42.6622,-3.88033,-1.92894,79.6327,40.3673,19.4864,0.146298,-1.82511e-66
01:49:34.200,-0.774298,-4.26359,14.75,42.6622,-3.88033,-1.92894,79.6337,40.3663,19.4864,0.147355,-3.02105e-67
01:49:34.451,-0.774298,-4.26359,14.75,42.6622,-3.88033,-1.92894,79.6336,40.3664,19.4864,0.147259,-5.00338e-68
01:49:34.703,-0.774298,-4.26359,14.75,42.6622,-3.88033,-1.92894,79.6337,40.3663,19.4864,0.147344,-8.28246e-69
01:49:34.955,-0.774298,-4.26359,14.75,42.6622,-3.88033,-1.92894,79.634,40.366,19.4864,0.147624,-1.36888e-69
01:49:35.207,-0.774298,-4.26359,14.75,42.6622,-3.88033,-1.92894,79.6335,40.3665,19.4864,0.147155,-2.26845e-70
01:49:35.459,-0.774298,-4.26359,14.75,42.6622,-3.88033,-1.92894,79.6334,40.3666,19.4864,0.147075,-3.76086e-71
01:49:35.711,-0.774298,-4.26359,14.75,42.6622,-3.88033,-1.92894,79.6339,40.3661,19.4864,0.147483,-6.22074e-72
01:49:35.963,-0.774298,-4.26359,14.75,42.6622,-3.88033,-1.92894,79.6335,40.3665,19.4864,0.147149,-1.03091e-72
01:49:36.215,-0.774298,-4.26359,14.75,42.6622,-3.88033,-1.92894,79.6337,40.3663,19.4864,0.14737,-1.70628e-73
01:49:36.470,-0.774298,-4.26359,14.75,42.6622,-3.88033,-1.92894,79.6341,40.3659,19.4864,0.147756,-2.81797e-74
01:49:36.724,-0.774298,-4.26359,14.75,42.6622,-3.88033,-1.92894,79.6337,40.3663,19.4864,0.147341,-4.66487e-75
01:49:36.975,-0.774298,-4.26359,14.75,42.6622,-3.88033,-1.92894,79.6336,40.3664,19.4864,0.147188,-7.72895e-76
01:49:37.223,-0.774298,-4.26359,14.75,42.6622,-3.88033,-1.92894,79.6334,40.3666,19.4864,0.147044,-1.28161e-76
01:49:37.478,-0.774298,-4.26359,14.75,42.6622,-3.88033,-1.92894,79.6353,40.3647,19.4864,0.148916,-2.10282e-77
01:49:37.727,-0.774298,-4.26359,14.75,42.6622,-3.88033,-1.92894,79.6321,40.3679,19.4864,0.145723,-3.51321e-78
01:49:37.983,-0.774298,-4.26359,14.75,42.6622,-3.88033,-1.92894,79.634,40.366,19.4864,0.147655,-5.80545e-79
01:49:38.231,-0.774298,-4.26359,14.75,42.6622,-3.88033,-1.92894,79.6334,40.3666,19.4864,0.147011,-9.62834e-80
01:49:38.486,-0.774298,-4.26359,14.75,42.6622,-3.88033,-1.92894,79.634,40.366,19.4864,0.147642,-1.59116e-80
01:49:38.737,-0.774298,-4.26359,14.75,42.6622,-3.88033,-1.92894,79.6339,40.3661,19.4864,0.14752,-2.63134e-81
01:49:38.988,-0.774298,-4.26359,14.75,42.6622,-3.88033,-1.92894,79.6331,40.3669,19.4864,0.146778,-4.36987e-82
01:49:39.244,-0.774298,-4.26359,14.75,42.6622,-3.88033,-1.92894,79.6341,40.3659,19.4864,0.147773,-7.21623e-83
01:49:39.491,-0.774298,-4.26359,14.75,42.6622,-3.88033,-1.92894,79.6332,40.3668,19.4864,0.146869,-1.19778e-83
01:49:39.742,-0.774298,-4.26359,14.75,42.6622,-3.88033,-1.92894,79.6335,40.3665,19.4864,0.147117,-1.98533e-84
01:49:39.995,-0.774298,-4.26359,14.75,42.6622,-3.88033,-1.92894,79.6338,40.3662,19.4864,0.147474,-3.28405e-85
01:49:40.251,-0.774298,-4.26359,0,42.6622,-3.88033,-1.92894,85,35,29.7838,0.186771,4.25209
01:49:40.499,-0.774298,-4.26359,14.9284,42.6622,-3.88033,-1.92894,71.6582,48.3418,19.3619,0.185289,-7.88899
01:49:40.754,-0.774298,-4.26359,14.6875,42.6622,-3.88033,-1.92894,82.7471,37.2529,19.53,0.147443,3.06968
01:49:41.003,-0.774298,-4.26359,15.1861,42.6622,-3.88033,-1.92894,79.623,40.377,19.1819,0.145954,0.295177
01:49:41.259,-0.774298,-2.07713,16.6675,24.6979,-1.78004,-1.32116,60.2933,59.7067,5.60628,0.0940937,-5.40709
01:49:41.507,-0.774298,-2.07713,20.5427,24.6979,-1.78004,-1.32116,66.55,53.45,2.9009,0.0320182,3.6171
01:49:41.761,0.331842,-2.07713,22.2288,26.721,-2.08752,-0.258618,64.9666,55.0334,3.13609,0.0229465,1.8076
01:49:42.011,0.331842,-2.07713,23.7393,26.721,-2.08752,-0.258618,61.8655,58.1345,2.08158,0.0196099,-0.23567
01:49:42.269,0.331842,-2.07713,25.2393,26.721,-2.08752,-0.258618,61.0103,58.9897,1.03438,0.0118041,-0.035925
01:49:42.518,0.331842,-2.07713,27.2393,26.721,-2.08752,-0.258618,59.4902,60.5098,-0.361887,0.00254159,-0.150453
01:49:42.767,0.331842,-2.07713,28.1861,26.721,-2.08752,-0.258618,59.2518,60.7482,-1.02289,-0.00522389,0.279895
01:49:43.019,0.331842,-2.07713,29.3109,26.721,-2.08752,-0.258618,58.1761,61.8239,-1.80815,-0.0106936,-0.0050968
01:49:43.272,1.43798,-2.07713,30.9282,28.9787,-2.39499,0.803929,59.1361,60.8639,-1.36096,-0.0119868,0.509008
01:49:43.523,1.43798,-2.07713,31.5625,28.9787,-2.39499,0.803929,57.9003,62.0997,-1.80379,-0.0119695,-0.283982
01:49:43.776,1.43798,-2.07713,32.0532,28.9787,-2.39499,0.803929,57.8331,62.1669,-2.14638,-0.0149807,-0.00550784
01:49:44.030,1.43798,-2.07713,32.3034,28.9787,-2.39499,0.803929,57.7299,62.2701,-2.32104,-0.0170614,0.0680046
01:49:44.279,1.43798,-2.07713,32.625,28.9787,-2.39499,0.803929,57.4268,62.5732,-2.54558,-0.0181295,-0.00949627
01:49:44.536,1.43798,-2.07713,32.625,28.9787,-2.39499,0.803929,57.5262,62.4738,-2.54558,-0.0193229,0.0910546
01:49:44.787,2.54412,-2.07713,32.625,31.4754,-2.70246,1.86648,59.9219,60.0781,-0.802542,-0.0126454,0.737041
01:49:45.035,2.54412,-2.07713,32.5002,31.4754,-2.70246,1.86648,58.7143,61.2857,-0.715411,-0.00572351,-0.564543
01:49:45.287,2.54412,-2.07713,32.125,31.4754,-2.70246,1.86648,59.521,60.479,-0.453478,-0.0044151,-0.0211287
01:49:45.539,2.54412,-2.07713,31.8125,31.4754,-2.70246,1.86648,59.7405,60.2595,-0.235329,-0.00260439,-0.0216157
01:49:45.796,2.54412,-2.07713,31.625,31.4754,-2.70246,1.86648,59.8547,60.1453,-0.10443,-0.00128699,-0.0396222
01:49:46.048,2.54412,-2.07713,31.3216,31.4754,-2.70246,1.86648,60.1343,59.8657,0.10737,1.11183e-05,0.0269172
01:49:46.299,2.54412,-0.983906,31.0625,23.9223,-1.65232,2.17036,52.8048,67.1952,-4.98481,-0.0184259,-2.19198
01:49:46.551,2.54412,-0.983906,30.9375,23.9223,-1.65232,2.17036,56.8445,63.1555,-4.89754,-0.0373911,1.77948
01:49:46.799,3.65026,-0.983906,30.8125,25.853,-1.95979,3.23291,57.3611,62.6389,-3.4624,-0.0314929,0.854945
01:49:47.051,3.65026,-0.983906,30.5627,25.853,-1.95979,3.23291,56.3064,63.6936,-3.28802,-0.0255331,-0.38009
01:49:47.307,3.65026,-0.983906,29.8752,25.853,-1.95979,3.23291,57.2322,62.7678,-2.80805,-0.0231134,0.0633963
01:49:47.560,3.65026,-0.983906,29.3752,25.853,-1.95979,3.23291,57.4774,62.5226,-2.45898,-0.0198933,-0.0437148
01:49:47.809,3.65026,-0.983906,28.7514,25.853,-1.95979,3.23291,57.9881,62.0119,-2.02347,-0.0169505,0.0285364
01:49:48.059,3.65026,-0.983906,28.1343,25.853,-1.95979,3.23291,58.3964,61.6036,-1.59269,-0.0136444,0.00276607
01:49:48.311,4.7564,-0.983906,26.5109,28.0117,-2.26727,4.29545,61.9616,58.0384,1.04777,-0.0020576,0.915871
01:49:48.563,4.7564,-0.983906,26.0639,28.0117,-2.26727,4.29545,60.557,59.443,1.35984,0.00910242,-0.811984
01:49:48.815,4.7564,-0.983906,25.3216,28.0117,-2.26727,4.29545,61.8411,58.1589,1.87801,0.0122355,-0.0491442
01:49:49.074,4.7564,-0.983906,24.8216,28.0117,-2.26727,4.29545,62.1647,57.8353,2.22707,0.0155621,-0.0779378
01:49:49.319,4.7564,-0.983906,24.3752,28.0117,-2.26727,4.29545,62.5283,57.4717,2.53875,0.0179665,-0.0284402
01:49:49.575,4.7564,-0.983906,24.1875,28.0117,-2.26727,4.29545,62.6102,57.3898,2.66977,0.0197406,-0.0793121
01:49:49.823,5.86254,-0.983906,24.0625,30.4099,-2.57474,5.358,65.1214,54.8786,4.43129,0.0267656,0.663324
01:49:50.077,5.86254,-0.983906,24.2486,30.4099,-2.57474,5.358,63.663,56.337,4.30134,0.0331065,-0.671424
01:49:50.332,5.86254,-0.983906,24.5625,30.4099,-2.57474,5.358,63.9659,56.0341,4.08223,0.0317087,-0.147996
01:49:50.583,5.86254,-0.983906,24.9361,30.4099,-2.57474,5.358,63.8094,56.1906,3.82138,0.0298324,-0.0418284
01:49:50.836,5.86254,1.20255,25.4907,18.1051,-0.474456,5.96577,51.2281,68.7719,-5.15611,-0.00505218,-3.6107
01:49:51.083,5.86254,1.20255,27.1052,18.1051,-0.474456,5.96577,56.3329,63.6671,-6.28326,-0.043091,2.65921
01:49:51.335,6.96868,1.20255,28.2376,19.4478,-0.78193,7.02832,54.7839,65.2161,-6.13643,-0.0469609,0.967324
01:49:51.587,6.96868,1.20255,28.6875,19.4478,-0.78193,7.02832,53.4712,66.5288,-6.45054,-0.0476025,-0.0306161
01:49:51.843,6.96868,1.20255,28.875,19.4478,-0.78193,7.02832,53.4399,66.5601,-6.58142,-0.0493591,0.0706507
01:49:52.096,6.96868,1.20255,28.875,19.4478,-0.78193,7.02832,53.4347,66.5653,-6.58144,-0.0497549,0.0658617
01:49:52.347,6.96868,1.20255,28.6263,19.4478,-0.78193,7.02832,53.6258,66.3742,-6.40783,-0.0491027,0.0827637
01:49:52.599,6.96868,1.20255,28.1877,19.4478,-0.78193,7.02832,53.9196,66.0804,-6.10161,-0.0473235,0.0685504
01:49:52.851,8.07482,1.20255,27.3765,20.8912,-1.0894,8.09087,55.969,64.031,-4.5276,-0.0401245,0.536694
01:49:53.099,8.07482,1.20255,24.5732,20.8912,-1.0894,8.09087,57.6506,62.3494,-2.57049,-0.0267785,0.247827
01:49:53.351,8.07482,1.20255,23.137,20.8912,-1.0894,8.09087,58.0625,61.9375,-1.56786,-0.0156438,-0.354017
01:49:53.603,8.07482,1.20255,22.4573,20.8912,-1.0894,8.09087,58.6194,61.3806,-1.0933,-0.0100583,-0.277209
01:49:53.858,8.07482,1.20255,20.7515,20.8912,-1.0894,8.09087,60.344,59.656,0.0975247,-0.0037701,0.250241
01:49:54.107,8.07482,1.20255,19.0731,20.8912,-1.0894,8.09087,61.308,58.692,1.26926,0.00515845,0.0335699
01:49:54.362,9.18096,1.20255,17.8737,22.4743,-1.39688,9.15341,63.5528,56.4472,3.21188,0.0169853,0.32389
01:49:54.611,9.18096,1.20255,17.3766,22.4743,-1.39688,9.15341,62.9763,57.0237,3.55893,0.0255235,-0.608185
01:49:54.871,9.18096,1.20255,17.0091,22.4743,-1.39688,9.15341,63.7055,56.2945,3.81543,0.0279379,-0.137912
01:49:55.120,9.18096,1.20255,16.5,22.4743,-1.39688,9.15341,64.2192,55.7808,4.17088,0.0302021,0.0181154
01:49:55.371,9.18096,1.20255,16.625,22.4743,-1.39688,9.15341,63.9347,56.0653,4.08361,0.0312232,-0.180141
01:49:55.619,9.18096,1.20255,16.75,22.4743,-1.39688,9.15341,63.9969,56.0031,3.99635,0.0304333,-0.0299137
01:49:55.871,10.2871,1.20255,17.552,24.2339,-1.70435,10.216,65.0054,54.9946,4.66482,0.0327385,0.307857
01:49:56.127,10.2871,1.20255,18.2486,24.2339,-1.70435,10.216,63.7861,56.2139,4.1785,0.0335253,-0.425966
01:49:56.378,10.2871,1.20255,19.1145,24.2339,-1.70435,10.216,63.4837,56.5163,3.57401,0.0292722,-0.119551
01:49:56.627,10.2871,3.38901,19.927,14.5046,0.395934,10.8237,53.3934,66.6066,-3.78553,-0.000798037,-2.82023
01:49:56.879,10.2871,3.38901,22.0517,14.5046,0.395934,10.8237,56.6631,63.3369,-5.26881,-0.0342079,1.96614
01:49:57.137,10.2871,3.38901,22.9986,14.5046,0.395934,10.8237,54.6915,65.3085,-5.92993,-0.0424778,0.6639
01:49:57.387,11.3932,3.38901,24.3111,15.7769,0.0884593,11.8863,54.3691,65.6309,-5.958,-0.0449232,0.372031
01:49:57.636,11.3932,3.38901,24.8111,15.7769,0.0884593,11.8863,53.5753,66.4247,-6.30706,-0.0462411,-0.0714229
01:49:57.886,11.3932,3.38901,24.9375,15.7769,0.0884593,11.8863,53.653,66.347,-6.39528,-0.0479755,0.0962085
01:49:58.139,11.3932,3.38901,24.6263,15.7769,0.0884593,11.8863,53.9166,66.0834,-6.17805,-0.0475877,0.142204
01:49:58.396,11.3932,3.38901,24.2593,15.7769,0.0884593,11.8863,54.072,65.928,-5.92184,-0.0458183,0.0396187
01:49:58.643,11.3932,3.38901,23.689,15.7769,0.0884593,11.8863,54.4985,65.5015,-5.52368,-0.0431835,0.0654127
01:49:58.900,12.4994,3.38901,21.0719,17.0378,-0.219015,12.9488,58.1157,61.8843,-2.81629,-0.0316417,0.963666
01:49:59.147,12.4994,3.38901,20.3232,17.0378,-0.219015,12.9488,56.94,63.06,-2.2936,-0.0192405,-0.747133
01:49:59.399,12.4994,3.38901,18.6266,17.0378,-0.219015,12.9488,59.0282,60.9718,-1.10914,-0.0128649,0.15019
01:49:59.651,12.4994,3.38901,17.3764,17.0378,-0.219015,12.9488,59.6544,60.3456,-0.23634,-0.00508437,-0.10416
01:49:59.907,12.4994,3.38901,15.0825,17.0378,-0.219015,12.9488,61.6529,58.3471,1.36508,0.00428117,0.283532
01:50:00.155,12.4994,3.38901,14.4388,17.0378,-0.219015,12.9488,61.3952,58.6048,1.81445,0.0119754,-0.431197
01:50:00.411,13.6055,3.38901,13.6355,18.3269,-0.52649,14.0114,63.6406,56.3594,3.27525,0.0193185,0.346064
01:50:00.659,13.6055,3.38901,13.0716,18.3269,-0.52649,14.0114,63.3094,56.6906,3.6689,0.0261456,-0.385678
01:50:00.910,13.6055,3.38901,12.2591,18.3269,-0.52649,14.0114,64.274,55.726,4.23613,0.0298491,0.00800196
01:50:01.163,13.6055,3.38901,12.25,18.3269,-0.52649,14.0114,64.0439,55.9561,4.2425,0.0320748,-0.230667
01:50:01.419,13.6055,3.38901,12.25,18.3269,-0.52649,14.0114,64.234,55.766,4.24252,0.0321869,-0.0406976
01:50:01.668,14.7117,3.38901,12.3659,19.6839,-0.833964,15.0739,65.4969,54.5031,5.10894,0.0352477,0.352709
01:50:01.924,14.7117,3.38901,13.1861,19.6839,-0.833964,15.0739,64.0367,55.9633,4.53629,0.0365467,-0.536168
01:50:02.176,14.7117,3.38901,14.1235,19.6839,-0.833964,15.0739,63.7913,56.2087,3.88191,0.0318667,-0.122451
01:50:02.423,14.7117,3.38901,14.9359,19.6839,-0.833964,15.0739,63.3576,56.6424,3.3147,0.027087,0.0158621
01:50:02.677,14.7117,3.38901,16.8645,19.6839,-0.833964,15.0739,61.6698,58.3302,1.9683,0.0200704,-0.318545
01:50:02.927,15.8178,3.38901,17.8734,21.1483,-1.14144,16.1365,62.9412,57.0588,2.28626,0.0159991,0.638908
01:50:03.183,15.8178,3.38901,19.5625,21.1483,-1.14144,16.1365,60.6068,59.3932,1.10708,0.0128494,-0.513146
01:50:03.435,15.8178,3.38901,20.3643,21.1483,-1.14144,16.1365,60.7249,59.2751,0.547301,0.00625556,0.171371
01:50:03.683,15.8178,3.38901,22.3018,21.1483,-1.14144,16.1365,58.8932,61.1068,-0.805336,-0.000972484,-0.300539
01:50:03.935,15.8178,3.38901,23.6236,21.1483,-1.14144,16.1365,58.3902,61.6098,-1.72813,-0.00960104,0.127883
01:50:04.192,15.8178,4.48223,24.3032,16.5129,-0.0912952,16.4403,53.4029,66.5971,-5.43861,-0.0271276,-1.13137
01:50:04.444,15.8178,4.48223,25.2486,16.5129,-0.0912952,16.4403,54.9321,65.0679,-6.09868,-0.0436538,1.07439
01:50:04.691,16.9239,4.48223,26.1784,17.7855,-0.39877,17.5029,54.6473,65.3527,-5.85934,-0.0450472,0.551726
01:50:04.943,16.9239,4.48223,26.5534,17.7855,-0.39877,17.5029,53.7175,66.2825,-6.12112,-0.0452781,-0.116093
01:50:05.201,16.9239,4.48223,26.4388,17.7855,-0.39877,17.5029,54.034,65.966,-6.04117,-0.0463259,0.121447
01:50:05.450,16.9239,4.48223,26.3218,17.7855,-0.39877,17.5029,54.0163,65.9837,-5.95947,-0.0451722,0.0209039
01:50:05.699,18.0301,4.48223,25.0718,19.1095,-0.706244,18.5654,56.5143,63.4857,-4.16252,-0.0381597,0.715002
01:50:05.951,18.0301,4.48223,24.1356,-24.2527,-7.00393,0.648574,35,85,-33.7814,-0.143313,-12.8936
01:50:06.203,18.0301,4.48223,22.6279,-24.2527,-7.00393,0.648574,37.5818,82.4182,-32.7288,-0.251366,10.562
01:50:06.456,18.0301,4.48223,21.5107,-24.2527,-7.00393,0.648574,35,85,-31.9489,-0.244451,1.63599
01:50:06.707,18.0301,4.48223,18.7607,-24.2527,-7.00393,0.648574,35,85,-30.029,-0.234381,0.742395
01:50:06.959,18.0301,4.48223,17.2084,-24.2527,-7.00393,0.648574,35,85,-28.9453,-0.222743,-0.223342
01:50:07.211,19.1362,4.48223,15.7698,-29.752,-5.94395,0.964791,35,85,-31.7803,-0.229513,-1.6591
01:50:07.468,19.1362,4.48223,14.3232,-29.752,-5.94395,0.964791,35,85,-30.7703,-0.237041,1.31396
01:50:07.717,19.1362,4.48223,11.5109,-29.752,-5.94395,0.964791,35,85,-28.8069,-0.224698,0.613312
01:50:07.968,19.1362,4.48223,9.88701,-29.752,-5.94395,0.964791,35,85,-27.6733,-0.213751,-0.241633
01:50:08.223,19.1362,4.48223,8.51068,-29.752,-5.94395,0.964791,35,85,-26.7124,-0.205707,-0.111473
01:50:08.474,19.1362,4.48223,5.44837,-29.752,-5.94395,0.964791,35.7003,84.2997,-24.5745,-0.19389,0.468676
01:50:08.728,20.2424,4.48223,4.01982,-37.4467,-4.88397,1.28101,35,85,-28.9491,-0.202219,-2.61903
01:50:08.978,20.2424,4.48223,2.63568,-37.4467,-4.88397,1.28101,35,85,-27.9827,-0.215309,1.77627
01:50:09.231,20.2424,4.48223,1.25935,-37.4467,-4.88397,1.28101,35,85,-27.0219,-0.207901,0.291843
01:50:09.479,20.2424,4.48223,-1.73913,-37.4467,-4.88397,1.28101,35.3931,84.6069,-24.9286,-0.196058,0.517754
01:50:09.733,20.2424,4.48223,-3.23799,-37.4467,-4.88397,1.28101,35.586,84.414,-23.8822,-0.184913,-0.346971
01:50:09.986,20.2424,4.48223,-4.91751,-37.4467,-4.88397,1.28101,37.1086,82.8914,-22.7096,-0.176564,-0.00523335
01:50:10.235,20.2424,4.48223,-6.3018,-37.4467,-4.88397,1.28101,38.003,81.997,-21.7432,-0.16727,-0.0865027
01:50:10.486,21.3485,4.48223,-9.2393,-47.4271,-3.824,1.59722,35,85,-26.6601,-0.182778,-2.45155
01:50:10.743,21.3485,4.48223,-10.8641,-47.4271,-3.824,1.59722,36.3694,83.6306,-25.5258,-0.19791,2.09305
01:50:10.991,21.3485,4.48223,-12.4802,-47.4271,-3.824,1.59722,35.7589,84.2411,-24.3976,-0.18823,0.344723
01:50:11.248,21.3485,4.48223,-13.9268,-47.4271,-3.824,1.59722,36.4391,83.5609,-23.3876,-0.18139,0.00809407
01:50:11.499,21.3485,4.48223,-16.7927,-47.4271,-3.824,1.59722,38.8554,81.1446,-21.3869,-0.169234,0.411473
01:50:11.750,21.3485,4.48223,-18.2302,-47.4271,-3.824,1.59722,39.114,80.886,-20.3833,-0.157648,-0.345065
01:50:12.004,21.3485,4.48223,-19.9266,-47.4271,-3.824,1.59722,40.6689,79.3311,-19.199,-0.149806,0.0176689
01:50:12.255,22.4546,4.48223,-21.4268,-57.5251,-2.76402,1.91344,35,85,-25.2014,-0.167528,-2.97625
01:50:12.507,22.4546,4.48223,-24.4177,-57.5251,-2.76402,1.91344,39.5617,80.4383,-23.1134,-0.182504,2.85758
01:50:12.755,22.4546,4.48223,-25.7927,-57.5251,-2.76402,1.91344,37.6819,82.3181,-22.1534,-0.170867,0.00619551
01:50:13.011,22.4546,4.48223,-27.4802,-57.5251,-2.76402,1.91344,38.9522,81.0478,-20.9753,-0.163518,0.091083
01:50:13.260,22.4546,4.48223,-29.0516,-57.5251,-2.76402,1.91344,39.9493,80.0507,-19.8782,-0.153958,-0.0184928
01:50:13.517,22.4546,4.48223,-32.0425,-57.5251,-2.76402,1.91344,42.4721,77.5279,-17.7902,-0.143103,0.405398
01:50:13.770,23.5608,4.48223,-33.4255,-65.296,-1.70404,2.22966,35,85,-22.2498,-0.151355,-2.64294
01:50:14.015,23.5608,4.48223,-35.105,-65.296,-1.70404,2.22966,40.6607,79.3393,-21.0773,-0.163011,1.90103
01:50:14.267,23.5608,4.48223,-36.9788,-65.296,-1.70404,2.22966,40.4475,79.5525,-19.7691,-0.154346,0.370997
01:50:14.524,23.5608,4.48223,-40.5427,-65.296,-1.70404,2.22966,43.1267,76.8733,-17.2811,-0.140507,0.548285
01:50:14.774,23.5608,4.48223,-42.113,-65.296,-1.70404,2.22966,43.2032,76.7968,-16.1848,-0.126396,-0.485631
01:50:15.023,23.5608,4.48223,-43.8552,-65.296,-1.70404,2.22966,44.8832,75.1168,-14.9685,-0.117458,-0.0307864
01:50:15.275,23.5608,3.38901,-47.1755,-63.2942,-2.01657,3.27726,49.678,70.322,-11.253,-0.099041,1.03001
01:50:15.531,24.6669,3.38901,-48.8016,-69.2752,-0.956587,3.59348,42.9923,77.0077,-14.2933,-0.0969308,-2.61746
01:50:15.779,24.6669,3.38901,-50.3018,-69.2752,-0.956587,3.59348,47.9111,72.0889,-13.2459,-0.103858,1.26095
01:50:16.035,24.6669,3.38901,-51.9802,-69.2752,-0.956587,3.59348,48.0897,71.9103,-12.0742,-0.095927,0.259781
01:50:16.283,24.6669,3.38901,-55.113,-69.2752,-0.956587,3.59348,50.4946,69.5054,-9.8871,-0.082755,0.464476
01:50:16.535,24.6669,3.38901,-56.738,-69.2752,-0.956587,3.59348,50.8182,69.1818,-8.75264,-0.0704914,-0.358649
01:50:16.787,24.6669,3.38901,-58.3016,-69.2752,-0.956587,3.59348,52.1998,67.8002,-7.66101,-0.0620179,-0.0771384
01:50:17.042,24.6669,3.38901,-59.9891,-69.2752,-0.956587,3.59348,53.4864,66.5136,-6.48291,-0.0536394,0.0229576
01:50:17.291,24.6669,3.38901,-63.1755,-69.2752,-0.956587,3.59348,56.1392,63.8608,-4.25841,-0.0404765,0.438048
01:50:17.544,24.6669,3.38901,-64.6768,-69.2752,-0.956587,3.59348,56.3472,63.6528,-3.21029,-0.0282417,-0.414266
01:50:17.798,24.6669,3.38901,-66.363,-69.2752,-0.956587,3.59348,57.9319,62.0681,-2.03312,-0.019856,-0.0151498
01:50:18.051,24.6669,3.38901,-67.8641,-69.2752,-0.956587,3.59348,58.9475,61.0525,-0.985127,-0.0114201,-0.055931
01:50:18.299,25.7731,1.20255,-70.863,-71.2218,-0.521659,6.0049,59.6055,60.3945,-0.250485,-0.00465621,-0.139316
01:50:18.555,25.7731,1.20255,-72.363,-71.2218,-0.521659,6.0049,60.9048,59.0952,0.796713,0.00207194,0.105995
01:50:18.807,25.7731,1.20255,-73.7407,-71.2218,-0.521659,6.0049,61.7503,58.2497,1.7585,0.00964499,-0.0178231
01:50:19.058,25.7731,1.20255,-74.4893,-71.2218,-0.521659,6.0049,62.1117,57.8883,2.28117,0.0152631,-0.184774
01:50:19.307,25.7731,1.20255,-75.6782,-71.2218,-0.521659,6.0049,63.2282,56.7718,3.11115,0.0203503,0.0967347
01:50:19.559,25.7731,1.20255,-76.1237,-71.2218,-0.521659,6.0049,63.2481,56.7519,3.42216,0.024698,-0.198778
01:50:19.811,25.7731,1.20255,-76.4284,-71.2218,-0.521659,6.0049,63.588,56.412,3.63489,0.0266732,-0.073591
01:50:20.067,25.7731,1.20255,-76.5,-71.2218,-0.521659,6.0049,63.6333,56.3667,3.68489,0.0277471,-0.0793538
01:50:20.319,25.7731,1.20255,-76.25,-71.2218,-0.521659,6.0049,63.4315,56.5685,3.51038,0.0272015,-0.106053
01:50:20.567,25.7731,-0.983905,-75.9377,-68.3535,-1.14671,8.10011,66.1231,53.8769,5.29476,0.0331866,0.795171
01:50:20.823,25.7731,-0.983905,-75.5,-68.3535,-1.14671,8.10011,64.2969,55.7031,4.98921,0.0390032,-0.731346
01:50:21.077,25.7731,-0.983905,-73.7075,-68.3535,-1.14671,8.10011,63.2578,56.7422,3.73778,0.032964,-0.512905
01:50:21.326,25.7731,-0.983905,-72.8841,-68.3535,-1.14671,8.10011,63.3842,56.6158,3.16298,0.026095,0.195081
01:50:21.579,25.7731,-0.983905,-71.7605,-68.3535,-1.14671,8.10011,62.3449,57.6551,2.37851,0.0209263,-0.0545287
01:50:21.831,26.8792,-0.983905,-70.8232,-73.0338,-0.0867306,8.41633,57.1543,62.8457,-1.54335,0.00316315,-1.30547
01:50:22.079,26.8792,-0.983905,-68.0732,-73.0338,-0.0867306,8.41633,57.1329,62.8671,-3.46321,-0.0188365,0.614897
01:50:22.335,26.8792,-0.983905,-66.8855,-73.0338,-0.0867306,8.41633,56.2297,63.7703,-4.29236,-0.0294305,0.551462
01:50:22.583,26.8792,-0.983905,-65.5534,-73.0338,-0.0867306,8.41633,54.7915,65.2085,-5.22234,-0.03584,0.049711
01:50:22.835,26.8792,-0.983905,-65.1357,-73.0338,-0.0867306,8.41633,54.7178,65.2822,-5.51393,-0.0405983,0.272378
01:50:23.087,26.8792,-2.07713,-64.6159,-71.7405,-0.399255,9.46393,55.3759,64.6241,-4.97393,-0.0396224,0.389479
01:50:23.344,26.8792,-2.07713,-64.625,-71.7405,-0.399255,9.46393,54.8387,65.1613,-4.96756,-0.0376869,-0.15602
01:50:23.595,26.8792,-2.07713,-64.9284,-71.7405,-0.399255,9.46393,55.2668,64.7332,-4.75577,-0.0367122,0.0592546
01:50:23.848,26.8792,-2.07713,-65.3112,-71.7405,-0.399255,9.46393,55.5092,64.4908,-4.48852,-0.0349736,0.0327367
01:50:24.095,26.8792,-2.07713,-66.427,-71.7405,-0.399255,9.46393,56.4771,63.5229,-3.70952,-0.0309291,0.217591
01:50:24.351,26.8792,-2.07713,-67.177,-71.7405,-0.399255,9.46393,56.7184,63.2816,-3.18591,-0.0261521,-0.0694935
01:50:24.599,26.8792,-2.07713,-68.6861,-71.7405,-0.399255,9.46393,58.0561,61.9439,-2.13236,-0.0200285,0.208492
01:50:24.851,26.8792,-2.07713,-69.4173,-71.7405,-0.399255,9.46393,58.1736,61.8264,-1.62189,-0.0141887,-0.190298
01:50:25.108,26.8792,-2.07713,-71.8018,-71.7405,-0.399255,9.46393,60.4815,59.5185,0.0428072,-0.0059943,0.444664
01:50:25.359,26.8792,-2.07713,-72.186,-71.7405,-0.399255,9.46393,59.8073,60.1927,0.310993,0.00133532,-0.505051
01:50:25.607,26.8792,-4.26359,-73.1236,-68.9528,-1.0243,11.5591,63.8073,56.1927,2.91179,0.0121577,0.88335
01:50:25.859,26.8792,-4.26359,-73.9361,-68.9528,-1.0243,11.5591,62.8074,57.1926,3.47903,0.0241428,-0.695808
01:50:26.111,27.9853,-4.26359,-74.8123,-73.5349,0.0356732,11.8754,59.4868,60.5132,0.89177,0.0165135,-1.42144
01:50:26.363,27.9853,-4.26359,-75.2409,-73.5349,0.0356732,11.8754,62.1576,57.8424,1.19098,0.00787863,0.958795
01:50:26.619,27.9853,-4.26359,-75.3125,-73.5349,0.0356732,11.8754,61.3056,58.6944,1.24095,0.00921525,0.0554695
01:50:26.872,27.9853,-4.26359,-75.4375,-73.5349,0.0356732,11.8754,61.3626,58.6374,1.32824,0.00971163,0.0246268
01:50:27.123,27.9853,-4.26359,-75.2502,-73.5349,0.0356732,11.8754,61.1208,58.8792,1.19747,0.00954459,-0.0861967
01:50:27.375,27.9853,-4.26359,-75.0716,-73.5349,0.0356732,11.8754,61.0696,58.9304,1.07281,0.00857958,-0.0117491
01:50:27.627,27.9853,-5.35682,-74.8841,-72.2511,-0.276851,12.923,62.2153,57.7847,1.8382,0.0110169,0.36609
01:50:27.875,27.9853,-5.35682,-74.2591,-72.2511,-0.276851,12.923,60.9761,59.0239,1.40189,0.0122074,-0.437983
01:50:28.131,27.9853,-5.35682,-74.0014,-72.2511,-0.276851,12.923,61.2654,58.7346,1.22192,0.00994018,0.0335246
01:50:28.383,27.9853,-5.35682,-73.7513,-72.2511,-0.276851,12.923,61.0637,58.9363,1.04737,0.00858705,0.0077856
01:50:28.634,27.9853,-5.35682,-73.4375,-72.2511,-0.276851,12.923,60.8182,59.1818,0.828274,0.00707946,-0.017167
01:50:28.883,27.9853,-5.35682,-72.3218,-72.2511,-0.276851,12.923,59.8178,60.1822,0.0493796,0.0033122,-0.234863
01:50:29.135,27.9853,-5.35682,-71.8764,-72.2511,-0.276851,12.923,59.8924,60.1076,-0.261608,-0.000802131,0.1548
01:50:29.388,27.9853,-5.35682,-71.5627,-72.2511,-0.276851,12.923,59.5803,60.4197,-0.480589,-0.0028083,0.0636586
01:50:29.639,27.9853,-5.35682,-71.1341,-72.2511,-0.276851,12.923,59.1928,60.8072,-0.779785,-0.00475906,-0.0226823
01:50:29.891,27.9853,-7.54327,-70.3138,-69.5312,-0.901901,15.0182,61.2145,58.7855,0.546365,-0.000882245,0.669039
01:50:30.149,27.9853,-7.54327,-70.0013,-69.5312,-0.901901,15.0182,59.8041,60.1959,0.328199,0.00331388,-0.527367
01:50:30.395,27.9853,-7.54327,-69.8125,-69.5312,-0.901901,15.0182,60.1467,59.8533,0.196372,0.00197798,-0.0516822
01:50:30.650,27.9853,-7.54327,-69.5627,-69.5312,-0.901901,15.0182,59.9967,60.0033,0.0219778,0.000827397,-0.0261221
01:50:30.899,27.9853,-7.54327,-68.875,-69.5312,-0.901901,15.0182,59.4091,60.5909,-0.458126,-0.00164479,-0.131116
01:50:31.151,29.0915,-7.54327,-68.6341,-74.0368,0.158077,15.3344,55.0176,64.9824,-3.77174,-0.0159866,-1.19466
01:50:31.407,29.0915,-7.54327,-68.5002,-74.0368,0.158077,15.3344,57.2382,62.7618,-3.86526,-0.0289472,1.13243
01:50:31.659,29.0915,-7.54327,-68.3125,-74.0368,0.158077,15.3344,56.1461,63.8539,-3.99627,-0.0296964,0.172068
01:50:31.910,29.0915,-7.54327,-67.9987,-74.0368,0.158077,15.3344,55.7456,64.2544,-4.21539,-0.0310488,-0.00797638
01:50:32.163,29.0915,-7.54327,-68.125,-74.0368,0.158077,15.3344,55.9671,64.0329,-4.12719,-0.0315523,0.125818
01:50:32.411,29.0915,-9.72973,-68.3748,-71.4547,-0.466972,17.4296,58.6311,61.3689,-2.15017,-0.0236487,0.804886
01:50:32.666,29.0915,-9.72973,-68.7486,-71.4547,-0.466972,17.4296,57.5199,62.4801,-1.88919,-0.0153146,-0.57558
01:50:32.919,29.0915,-9.72973,-69.6861,-71.4547,-0.466972,17.4296,58.821,61.179,-1.23469,-0.0118168,0.0675428
01:50:33.167,29.0915,-9.72973,-70.2407,-71.4547,-0.466972,17.4296,59.0449,60.9551,-0.847548,-0.0078453,-0.0997479
01:50:33.422,29.0915,-9.72973,-70.8111,-71.4547,-0.466972,17.4296,59.5339,60.4661,-0.449293,-0.0049103,-0.0118991
01:50:33.675,29.0915,-9.72973,-71.3736,-71.4547,-0.466972,17.4296,59.9372,60.0628,-0.0565944,-0.00191638,-0.00426178
01:50:33.928,29.0915,-9.72973,-72.2498,-71.4547,-0.466972,17.4296,60.6468,59.3532,0.555086,0.00188678,0.0898335
01:50:34.180,29.0915,-9.72973,-72.625,-71.4547,-0.466972,17.4296,60.692,59.308,0.817018,0.00517267,-0.130181
01:50:34.432,29.0915,-9.72973,-73.0623,-71.4547,-0.466972,17.4296,61.126,58.874,1.12231,0.00732956,-0.00360587
01:50:34.679,29.0915,-9.72973,-73.6875,-71.4547,-0.466972,17.4296,61.6227,58.3773,1.55878,0.0101058,0.0538252
01:50:34.931,29.0915,-10.823,-73.625,-70.0912,-0.779496,18.4772,62.6864,57.3136,2.46706,0.0152273,0.204086
01:50:35.183,29.0915,-10.823,-73.7591,-70.0912,-0.779496,18.4772,62.2763,57.7237,2.56067,0.0190067,-0.30338
01:50:35.435,30.1976,-10.823,-73.8125,-74.5418,0.280482,18.7934,58.1388,61.8612,-0.509165,0.00775335,-1.35979
01:50:35.687,30.1976,-10.823,-73.5627,-74.5418,0.280482,18.7934,60.2847,59.7153,-0.683565,-0.00451132,0.972805
01:50:35.939,30.1976,-10.823,-73.073,-74.5418,0.280482,18.7934,59.0599,60.9401,-1.02545,-0.00645524,0.091796
01:50:36.191,30.1976,-10.823,-72.8138,-74.5418,0.280482,18.7934,58.867,61.133,-1.20636,-0.0084424,0.0817713
01:50:36.446,30.1976,-10.823,-72.5625,-74.5418,0.280482,18.7934,58.6242,61.3758,-1.38183,-0.00978171,0.0157981
01:50:36.701,30.1976,-10.823,-72.1877,-74.5418,0.280482,18.7934,58.3123,61.6877,-1.6435,-0.0116197,-0.0326259
01:50:36.950,30.1976,-13.0094,-71.9377,-71.9695,-0.344567,20.8886,60.7558,59.2442,-0.0221921,-0.00619819,0.784169
01:50:37.199,30.1976,-13.0094,-71.9466,-71.9695,-0.344567,20.8886,59.4447,60.5553,-0.0159657,-0.000144053,-0.539234
01:50:37.454,30.1976,-13.0094,-71.9375,-71.9695,-0.344567,20.8886,59.8834,60.1166,-0.0223306,-0.000145357,-0.0941646
01:50:37.707,30.1976,-13.0094,-71.875,-71.9695,-0.344567,20.8886,59.9027,60.0973,-0.0659638,-0.000333322,-0.0310493
01:50:37.955,30.1976,-13.0094,-71.5,-71.9695,-0.344567,20.8886,59.5751,60.4249,-0.327742,-0.00148458,-0.0956266
01:50:38.207,30.1976,-13.0094,-71.5625,-71.9695,-0.344567,20.8886,59.8242,60.1758,-0.284109,-0.00231167,0.110625
01:50:38.459,30.1976,-13.0094,-71.5,-71.9695,-0.344567,20.8886,59.6521,60.3479,-0.327763,-0.0023143,-0.0178045
01:50:38.711,30.1976,-13.0094,-71.4375,-71.9695,-0.344567,20.8886,59.623,60.377,-0.371396,-0.00264242,-0.00293933
01:50:38.963,30.1976,-13.0094,-71.1264,-71.9695,-0.344567,20.8886,59.3354,60.6646,-0.588609,-0.00362815,-0.0723436
01:50:39.215,30.1976,-13.0094,-71.1875,-71.9695,-0.344567,20.8886,59.5453,60.4547,-0.545929,-0.00429224,0.0955255
01:50:39.471,30.1976,-15.1959,-71.1248,-69.2137,-0.969616,22.9838,62.1106,57.8894,1.33423,0.00299369,0.773349
01:50:39.723,30.1976,-15.1959,-71.0716,-69.2137,-0.969616,22.9838,60.6397,59.3603,1.2971,0.00991485,-0.667312
01:50:39.975,31.3038,-15.1959,-70.9388,-73.7589,0.0903626,23.3,56.5816,63.4184,-1.96878,-0.00253863,-1.44705
01:50:40.223,31.3038,-15.1959,-71.0002,-73.7589,0.0903626,23.3,59.1912,60.8088,-1.92595,-0.0146917,1.13187
01:50:40.475,31.3038,-15.1959,-70.875,-73.7589,0.0903626,23.3,58.1051,61.8949,-2.01335,-0.0149034,0.133395
01:50:40.727,31.3038,-15.1959,-70.625,-73.7589,0.0903626,23.3,57.7823,62.2177,-2.18788,-0.0158688,-0.0139885
01:50:40.979,31.3038,-15.1959,-70.5091,-73.7589,0.0903626,23.3,57.7508,62.2492,-2.26876,-0.0168437,0.036452
01:50:41.231,31.3038,-15.1959,-70.625,-73.7589,0.0903626,23.3,57.8683,62.1317,-2.18788,-0.0168466,0.0729873
01:50:41.483,31.3038,-16.2891,-70.9987,-72.4772,-0.222162,24.3477,59.4126,60.5874,-1.03224,-0.0121709,0.456974
01:50:41.739,31.3038,-16.2891,-71.1873,-72.4772,-0.222162,24.3477,58.7447,61.2553,-0.900536,-0.00732447,-0.347424
01:50:41.987,31.3038,-16.2891,-71.25,-72.4772,-0.222162,24.3477,59.0425,60.9575,-0.856765,-0.00662461,-0.0941268
01:50:42.239,31.3038,-16.2891,-71.7487,-72.4772,-0.222162,24.3477,59.5966,60.4034,-0.508631,-0.00516316,0.110359
01:50:42.494,31.3038,-16.2891,-72.3737,-72.4772,-0.222162,24.3477,59.9801,60.0199,-0.0723039,-0.00220188,0.0546517
01:50:42.743,31.3038,-16.2891,-72.6875,-72.4772,-0.222162,24.3477,60.0661,59.9339,0.146773,0.000281117,-0.0809634
01:50:42.999,31.3038,-16.2891,-72.9284,-72.4772,-0.222162,24.3477,60.2823,59.7177,0.314962,0.0017486,-0.0344141
01:50:43.249,31.3038,-16.2891,-73.25,-72.4772,-0.222162,24.3477,60.5603,59.4397,0.539472,0.00322389,0.0176405
01:50:43.499,31.3038,-16.2891,-73.5625,-72.4772,-0.222162,24.3477,60.7629,59.2371,0.75766,0.0048951,0.000304173
01:50:43.757,31.3038,-16.2891,-73.7409,-72.4772,-0.222162,24.3477,60.8499,59.1501,0.882194,0.00622769,-0.0385624
01:50:44.003,31.3038,-18.4755,-73.75,-69.7836,-0.84721,26.4429,63.5084,56.4916,2.7691,0.0137459,0.725527
01:50:44.260,31.3038,-18.4755,-73.6966,-69.7836,-0.84721,26.4429,62.0773,57.9227,2.73183,0.0208275,-0.675387
01:50:44.507,32.4099,-18.4755,-73.5638,-74.2619,0.212768,26.7591,58.0897,61.9103,-0.487333,0.00846602,-1.43139
01:50:44.762,32.4099,-18.4755,-73.5625,-74.2619,0.212768,26.7591,60.6006,59.3994,-0.48826,-0.00369806,1.09252
01:50:45.011,32.4099,-18.4755,-73.0716,-74.2619,0.212768,26.7591,59.2036,60.7964,-0.830955,-0.00497297,0.0395098
01:50:45.263,32.4099,-18.4755,-72.8125,-74.2619,0.212768,26.7591,59.0547,60.9453,-1.01185,-0.00696457,0.0735216
01:50:45.515,32.4099,-18.4755,-72.3127,-74.2619,0.212768,26.7591,58.5729,61.4271,-1.36079,-0.0089766,-0.0573356
01:50:45.767,32.4099,-18.4755,-72.0625,-74.2619,0.212768,26.7591,58.5163,61.4837,-1.53544,-0.0109411,0.0626759
01:50:46.020,32.4099,-18.4755,-71.8841,-74.2619,0.212768,26.7591,58.359,61.641,-1.65999,-0.0120793,0.0311098
01:50:46.272,32.4099,-18.4755,-71.75,-74.2619,0.212768,26.7591,58.2514,61.7486,-1.75362,-0.0129302,0.0179196
01:50:46.526,32.4099,-19.5688,-71.6888,-72.9804,-0.0997561,27.8067,59.4819,60.5181,-0.901721,-0.0100569,0.393685
01:50:46.778,32.4099,-19.5688,-71.75,-72.9804,-0.0997561,27.8067,58.8645,61.1355,-0.859014,-0.00665283,-0.269846
01:50:47.027,32.4099,-19.5688,-71.75,-72.9804,-0.0997561,27.8067,59.072,60.928,-0.859014,-0.00647126,-0.0625369
01:50:47.279,32.4099,-19.5688,-71.875,-72.9804,-0.0997561,27.8067,59.2479,60.7521,-0.771748,-0.00616443,0.0257659
01:50:47.531,32.4099,-19.5688,-72.0625,-72.9804,-0.0997561,27.8067,59.3761,60.6239,-0.640853,-0.00533737,0.0223317
01:50:47.783,32.4099,-19.5688,-72.1862,-72.9804,-0.0997561,27.8067,59.4262,60.5738,-0.554508,-0.00451865,-0.0147415
01:50:48.039,32.4099,-19.5688,-72.25,-72.9804,-0.0997561,27.8067,59.4663,60.5337,-0.50997,-0.00403843,-0.0196846
01:50:48.290,32.4099,-19.5688,-72.5625,-72.9804,-0.0997561,27.8067,59.7738,60.2262,-0.291782,-0.00302874,0.068651
01:50:48.539,32.4099,-21.7552,-72.6875,-70.3362,-0.724804,29.9019,62.3692,57.6308,1.64155,0.00509135,0.722547
01:50:48.795,32.4099,-21.7552,-72.8748,-70.3362,-0.724804,29.9019,61.1596,58.8404,1.77231,0.0129254,-0.625615
01:50:49.047,32.4099,-21.7552,-72.9375,-70.3362,-0.724804,29.9019,61.6901,58.3099,1.81606,0.0135686,-0.139558
01:50:49.295,32.4099,-21.7552,-72.7502,-70.3362,-0.724804,29.9019,61.603,58.397,1.68531,0.0132016,-0.0955311
01:50:49.552,33.5161,-21.7552,-72.5716,-74.7692,0.335174,30.2181,57.1763,62.8237,-1.53418,0.00057353,-1.29006
01:50:49.799,33.5161,-21.7552,-72.4466,-74.7692,0.335174,30.2181,59.4532,60.5468,-1.62146,-0.0118799,1.08653
01:50:50.056,33.5161,-21.7552,-72.1875,-74.7692,0.335174,30.2181,58.3255,61.6745,-1.80236,-0.0129718,0.140873
01:50:50.308,33.5161,-21.7552,-71.75,-74.7692,0.335174,30.2181,57.8492,62.1508,-2.10777,-0.0147838,-0.0282081
01:50:50.555,33.5161,-21.7552,-71.6875,-74.7692,0.335174,30.2181,57.9364,62.0636,-2.15141,-0.0160593,0.103899
01:50:50.807,33.5161,-23.9417,-71.6875,-72.1971,-0.289874,32.3133,60.4133,59.5867,-0.355751,-0.00947608,0.778564
01:50:51.064,33.5161,-23.9417,-71.7409,-72.1971,-0.289874,32.3133,59.0819,60.9181,-0.318483,-0.00255794,-0.597083
01:50:51.311,33.5161,-23.9417,-71.9375,-72.1971,-0.289874,32.3133,59.7593,60.2407,-0.181218,-0.0018819,-0.057643
01:50:51.568,33.5161,-23.9417,-72.125,-72.1971,-0.289874,32.3133,59.9367,60.0633,-0.0503183,-0.000877933,-0.0121465
01:50:51.815,33.5161,-23.9417,-72.25,-72.1971,-0.289874,32.3133,60.0168,59.9832,0.0369481,-5.0347e-05,-0.0201351
01:50:52.067,33.5161,-23.9417,-72.3123,-72.1971,-0.289874,32.3133,60.0595,59.9405,0.0804482,0.000443976,-0.02144
01:50:52.323,33.5161,-23.9417,-72.4375,-72.1971,-0.289874,32.3133,60.1834,59.8166,0.167848,0.000941688,0.0145801
01:50:52.571,33.5161,-23.9417,-72.5625,-72.1971,-0.289874,32.3133,60.2591,59.7409,0.255114,0.00159345,0.00236541
01:50:52.830,33.5161,-23.9417,-72.5625,-72.1971,-0.289874,32.3133,60.2214,59.7786,0.255114,0.00193364,-0.0356519
01:50:53.075,33.5161,-23.9417,-72.4362,-72.1971,-0.289874,32.3133,60.126,59.874,0.166921,0.0015911,-0.0424997
01:50:53.331,33.5161,-25.0349,-72.3127,-70.8739,-0.602398,33.3609,61.384,58.616,1.00444,0.0044419,0.37512
01:50:53.579,33.5161,-25.0349,-72.3127,-70.8739,-0.602398,33.3609,60.7267,59.2733,1.00443,0.00757037,-0.285276
01:50:53.835,33.5161,-25.0349,-72.375,-70.8739,-0.602398,33.3609,61.0265,58.9735,1.04793,0.00777075,-0.0291858
01:50:54.083,33.5161,-25.0349,-72.0002,-70.8739,-0.602398,33.3609,60.662,59.338,0.786265,0.00692691,-0.131238
01:50:54.335,34.6222,-25.0349,-71.8127,-75.2833,0.45758,33.6771,56.3287,63.6713,-2.42297,-0.00618439,-1.24215
01:50:54.587,34.6222,-25.0349,-71.5716,-75.2833,0.45758,33.6771,58.4433,61.5567,-2.59127,-0.018943,1.05352
01:50:54.843,34.6222,-25.0349,-71.3752,-75.2833,0.45758,33.6771,57.4384,62.5616,-2.72841,-0.0201592,0.186928
01:50:55.092,34.6222,-25.0349,-71.1784,-75.2833,0.45758,33.6771,57.1439,62.8561,-2.86581,-0.0211507,0.0308347
01:50:55.347,34.6222,-25.0349,-71.25,-75.2833,0.45758,33.6771,57.2454,62.7546,-2.81581,-0.0214694,0.0826926
01:50:55.595,34.6222,-27.2214,-71.375,-72.7025,-0.167468,35.7723,59.8358,60.1642,-0.926765,-0.0141087,0.776636
01:50:55.847,34.6222,-27.2214,-71.625,-72.7025,-0.167468,35.7723,58.6608,61.3392,-0.752253,-0.00635348,-0.580557
01:50:56.102,34.6222,-27.2214,-72.1862,-72.7025,-0.167468,35.7723,59.6291,60.3709,-0.360465,-0.00421406,-0.00617653
01:50:56.355,34.6222,-27.2214,-72.5625,-72.7025,-0.167468,35.7723,59.8461,60.1539,-0.0977333,-0.00173141,-0.0544553
01:50:56.604,34.6222,-27.2214,-72.9362,-72.7025,-0.167468,35.7723,60.1536,59.8464,0.163134,0.00024734,-0.00978325
01:50:56.860,34.6222,-27.2214,-73.25,-72.7025,-0.167468,35.7723,60.3654,59.6346,0.382227,0.00206148,-0.0189103
01:50:57.112,34.6222,-27.2214,-73.6861,-72.7025,-0.167468,35.7723,60.723,59.277,0.686717,0.00404394,0.0321934
01:50:57.359,34.6222,-27.2214,-73.875,-72.7025,-0.167468,35.7723,60.7579,59.2421,0.818565,0.00567246,-0.0662979
01:50:57.611,34.6222,-27.2214,-74.125,-72.7025,-0.167468,35.7723,61.0066,58.9934,0.993097,0.00684648,0.00669252
01:50:57.863,34.6222,-29.4078,-74.25,-70.0325,-0.792516,37.8676,63.6955,56.3045,2.94439,0.0148915,0.736203
01:50:58.119,34.6222,-29.4078,-74.1875,-70.0325,-0.792516,37.8676,62.2203,57.7797,2.90076,0.0221404,-0.702615
01:50:58.372,34.6222,-29.4078,-74.0625,-70.0325,-0.792516,37.8676,62.701,57.299,2.8135,0.0216527,-0.134111
01:50:58.623,34.6222,-29.4078,-74,-70.0325,-0.792516,37.8676,62.7867,57.2133,2.76986,0.0210461,-0.00415787
01:50:58.874,34.6222,-29.4078,-73.1888,-70.0325,-0.792516,37.8676,62.0054,57.9946,2.20356,0.0188054,-0.216965
01:50:59.127,35.7283,-29.4078,-72.6875,-74.4879,0.267463,38.1838,57.5137,62.4863,-1.25688,0.0035812,-1.23304
01:50:59.384,35.7283,-29.4078,-72.1889,-74.4879,0.267463,38.1838,59.4678,60.5322,-1.60502,-0.0108226,1.08367
01:50:59.632,35.7283,-29.4078,-71.5639,-74.4879,0.267463,38.1838,58.0877,61.9123,-2.04135,-0.0137932,0.142827
01:50:59.879,35.7283,-29.4078,-70.7502,-74.4879,0.267463,38.1838,57.3421,62.6579,-2.6094,-0.0174836,-0.0310125
01:51:00.131,35.7283,-29.4078,-70.5625,-74.4879,0.267463,38.1838,57.4149,62.5851,-2.74043,-0.0202485,0.17556
01:51:00.389,35.7283,-30.501,-70.3127,-73.2045,-0.0450611,39.2314,58.3438,61.6562,-2.01885,-0.0180589,0.380752
01:51:00.635,35.7283,-30.501,-70.25,-73.0625,-0.00830465,-7.20085,57.8081,62.1919,-1.96348,-0.0149896,-0.21346
01:51:00.887,35.7283,-30.501,-70.3125,-73.0625,-0.00830465,-7.20085,58.0253,61.9747,-1.91985,-0.014676,-0.0402078
01:51:01.143,35.7283,-30.501,-70.4362,-73.0625,-0.00830465,-7.20085,58.1632,61.8368,-1.83351,-0.014234,0.0109897
01:51:01.391,35.7283,-30.501,-70.625,-73.0625,-0.00830465,-7.20085,58.3057,61.6943,-1.70168,-0.0133243,0.0206969
01:51:01.643,35.7283,-30.501,-70.9373,-73.0625,-0.00830465,-7.20085,58.5434,61.4566,-1.48365,-0.0120393,0.0391116
01:51:01.895,35.7283,-30.501,-71.4909,-73.0625,-0.00830465,-7.20085,58.9692,61.0308,-1.09718,-0.00976095,0.0761562
01:51:02.151,35.7283,-30.501,-71.7486,-73.0625,-0.00830465,-7.20085,59.0025,60.9975,-0.91723,-0.00764985,-0.072589
01:51:02.399,35.7283,-30.501,-72.1159,-73.0625,-0.00830465,-7.20085,59.3529,60.6471,-0.660847,-0.00593367,0.0197047
01:51:02.656,35.7283,-32.6875,-72.5534,-70.4,-0.644039,-5.10886,62.2973,57.7027,1.50329,0.00319436,0.790844
01:51:02.903,35.7283,-32.6875,-73.0625,-70.4,-0.644039,-5.10886,61.2524,58.7476,1.85873,0.0126757,-0.619033
01:51:03.160,35.7283,-32.6875,-73.25,-70.4,-0.644039,-5.10886,61.8094,58.1906,1.98965,0.0145975,-0.194849
01:51:03.407,35.7283,-32.6875,-73.5,-70.4,-0.644039,-5.10886,62.1656,57.8344,2.16418,0.0156368,-0.0142575
01:51:03.663,35.7283,-32.6875,-73.5625,-70.4,-0.644039,-5.10886,62.168,57.832,2.20779,0.0165756,-0.0564084
01:51:03.915,36.8345,-32.6875,-73.4388,-74.8082,0.414312,-4.78724,57.712,62.288,-0.956002,0.00473236,-1.33677
01:51:04.163,36.8345,-32.6875,-73.25,-74.8082,0.414312,-4.78724,59.9406,60.0594,-1.08783,-0.00770295,1.03618
01:51:04.420,36.8345,-32.6875,-73.0002,-74.8082,0.414312,-4.78724,58.8824,61.1176,-1.26223,-0.00890899,0.153559
01:51:04.671,36.8345,-32.6875,-72.6875,-74.8082,0.414312,-4.78724,58.5163,61.4837,-1.48053,-0.0103988,0.00723526
01:51:04.919,36.8345,-34.874,-72.375,-72.1878,-0.221423,-2.69525,60.888,59.112,0.130679,-0.00507098,0.762364
01:51:05.171,36.8345,-34.874,-72.1875,-72.1878,-0.221423,-2.69525,59.4054,60.5946,-0.000215573,0.000493172,-0.594828
01:51:05.427,36.8345,-34.874,-72.1875,-72.1878,-0.221423,-2.69525,59.9556,60.0444,-0.000220899,-1.65596e-06,-0.0441692
01:51:05.675,36.8345,-34.874,-71.9466,-72.1878,-0.221423,-2.69525,59.7538,60.2462,-0.168389,-0.000634806,-0.0771731
01:51:05.932,36.8345,-34.874,-71.8125,-72.1878,-0.221423,-2.69525,59.7544,60.2456,-0.26202,-0.00163351,0.0180136
01:51:06.183,36.8345,-34.874,-71.5627,-72.1878,-0.221423,-2.69525,59.5305,60.4695,-0.436415,-0.00263593,-0.030486
01:51:06.431,36.8345,-34.874,-71.5,-72.1878,-0.221423,-2.69525,59.5655,60.4345,-0.480165,-0.00345567,0.0491337
01:51:06.687,36.8345,-34.874,-71.375,-72.1878,-0.221423,-2.69525,59.4187,60.5813,-0.567453,-0.00397318,-0.00985832
01:51:06.935,36.8345,-34.874,-71.2502,-72.1878,-0.221423,-2.69525,59.3392,60.6608,-0.654586,-0.00460672,-0.00157181
01:51:07.188,36.8345,-35.9672,-71.125,-70.8538,-0.53929,-1.64925,60.5727,59.4273,0.18935,-0.00175859,0.385117
01:51:07.443,36.8345,-35.9672,-71.125,-70.8538,-0.53929,-1.64925,59.906,60.094,0.189344,0.00143596,-0.284806
01:51:07.695,36.8345,-35.9672,-71.0625,-70.8538,-0.53929,-1.64925,60.0818,59.9182,0.145711,0.00126756,-0.0651659
01:51:07.943,36.8345,-35.9672,-71,-70.8538,-0.53929,-1.64925,60.0922,59.9078,0.102078,0.000932484,-0.0108292
01:51:08.195,37.9406,-35.9672,-70.875,-75.2525,0.519061,-1.32763,55.6426,64.3574,-3.05607,-0.0111734,-1.29021
01:51:08.447,37.9406,-35.9672,-70.8125,-75.2525,0.519061,-1.32763,57.9526,62.0474,-3.09968,-0.0232669,1.07559
01:51:08.699,37.9406,-35.9672,-70.6875,-75.2525,0.519061,-1.32763,56.9493,63.0507,-3.18697,-0.0237637,0.159999
01:51:08.951,37.9406,-35.9672,-70.5625,-75.2525,0.519061,-1.32763,56.7278,63.2722,-3.27424,-0.0244208,0.0265012
01:51:09.206,37.9406,-35.9672,-70.6875,-75.2525,0.519061,-1.32763,56.8651,63.1349,-3.18697,-0.0244533,0.0765498
01:51:09.455,37.9406,-38.1536,-70.9375,-72.6186,-0.116673,0.764357,59.6208,60.3792,-1.17366,-0.0164579,0.810915
01:51:09.707,37.9406,-38.1536,-71.5,-72.6186,-0.116673,0.764357,58.6753,61.3247,-0.78096,-0.00739216,-0.536301
01:51:09.962,37.9406,-38.1536,-71.9986,-72.6186,-0.116673,0.764357,59.4553,60.5447,-0.432821,-0.00458624,-0.107271
01:51:10.211,37.9406,-38.1536,-72.4373,-72.6186,-0.116673,0.764357,59.8362,60.1638,-0.126574,-0.00211434,-0.0351018
01:51:10.463,37.9406,-38.1536,-72.8737,-72.6186,-0.116673,0.764357,60.1718,59.8282,0.17806,0.000194551,-0.00648139
01:51:10.718,37.9406,-38.1536,-73.5,-72.6186,-0.116673,0.764357,60.672,59.328,0.615319,0.00300545,0.0537247
01:51:10.967,37.9406,-38.1536,-73.8659,-72.6186,-0.116673,0.764357,60.8099,59.1901,0.870759,0.00560864,-0.0664477
01:51:11.219,37.9406,-38.1536,-74.0625,-72.6186,-0.116673,0.764357,60.9553,59.0447,1.00802,0.0071074,-0.0598754
01:51:11.471,37.9406,-38.1536,-74.4375,-72.6186,-0.116673,0.764357,61.3201,58.6799,1.26982,0.00859518,0.0416913
01:51:11.723,37.9406,-39.2469,-74.4377,-71.2995,-0.43454,1.81035,62.4836,57.5164,2.1909,0.0130902,0.27963
01:51:11.975,37.9406,-39.2469,-74.5,-71.2995,-0.43454,1.81035,61.9342,58.0658,2.2344,0.0167309,-0.316889
01:51:12.232,37.9406,-39.2469,-74.5,-71.2995,-0.43454,1.81035,62.1812,57.8188,2.2344,0.0169686,-0.0702045
01:51:12.479,37.9406,-39.2469,-74.0091,-71.2995,-0.43454,1.81035,61.7531,58.2469,1.8917,0.0155133,-0.154157
01:51:12.734,37.9406,-39.2469,-73.5718,-71.2995,-0.43454,1.81035,61.5896,58.4104,1.5864,0.0131879,-0.0100139
01:51:12.987,39.0468,-39.2469,-73.3125,-75.7046,0.623811,2.13197,57.1067,62.8933,-1.66997,-0.000315925,-1.22305
01:51:13.239,39.0468,-39.2469,-72.8216,-75.7046,0.623811,2.13197,58.9769,61.0231,-2.01265,-0.0139204,1.00351
01:51:13.487,39.0468,-39.2469,-71.8127,-75.7046,0.623811,2.13197,57.2816,62.7184,-2.71703,-0.0178336,0.0164674
01:51:13.739,39.0468,-39.2469,-71.2591,-75.7046,0.623811,2.13197,57.0088,62.9912,-3.10348,-0.0219996,0.134329
01:51:13.995,39.0468,-41.4333,-71.0625,-73.0477,-0.0119231,4.22397,59.4885,60.5115,-1.3859,-0.0170094,0.891384
01:51:14.243,39.0468,-41.4333,-70.8763,-73.0477,-0.0119231,4.22397,57.855,62.145,-1.51588,-0.0109465,-0.618184
01:51:14.498,39.0468,-41.4333,-70.875,-73.0477,-0.0119231,4.22397,58.4229,61.5771,-1.51681,-0.0115039,-0.0487919
01:51:14.747,39.0468,-41.4333,-70.875,-73.0477,-0.0119231,4.22397,58.4641,61.5359,-1.51681,-0.0114261,-0.00771315
01:51:14.999,39.0468,-41.4333,-71.0612,-73.0477,-0.0119231,4.22397,58.6547,61.3453,-1.38684,-0.0109773,0.0525113
01:51:15.255,39.0468,-41.4333,-71.1875,-73.0477,-0.0119231,4.22397,58.6826,61.3174,-1.29864,-0.0101795,-0.00857897
01:51:15.503,39.0468,-41.4333,-71.5623,-73.0477,-0.0119231,4.22397,59.0248,60.9752,-1.03698,-0.00880391,0.0705463
01:51:15.759,39.0468,-41.4333,-71.6875,-73.0477,-0.0119231,4.22397,58.9826,61.0174,-0.949576,-0.00753061,-0.0603067
01:51:16.007,39.0468,-41.4333,-71.9909,-73.0477,-0.0119231,4.22397,59.2974,60.7026,-0.737775,-0.00636552,0.0415751
01:51:16.263,39.0468,-43.6198,-72.25,-70.3842,-0.647657,6.31596,62.0677,57.9323,1.30255,0.0021371,0.763047
01:51:16.515,39.0468,-43.6198,-72.6784,-70.3842,-0.647657,6.31596,61.0192,58.9808,1.60164,0.0109984,-0.59345
01:51:16.767,40.1529,-43.6198,-72.8034,-74.793,0.410694,6.63758,57.1506,62.8494,-1.389,0.000802881,-1.46125
01:51:17.015,40.1529,-43.6198,-73.0625,-74.793,0.410694,6.63758,59.8554,60.1446,-1.2081,-0.00979001,1.07326
01:51:17.271,40.1529,-43.6198,-73.1875,-74.793,0.410694,6.63758,59.009,60.991,-1.12084,-0.00882654,0.13863
01:51:17.520,40.1529,-43.6198,-73.3737,-74.793,0.410694,6.63758,59.0418,60.9582,-0.99086,-0.00798826,0.0406073
01:51:17.773,40.1529,-43.6198,-73.5,-74.793,0.410694,6.63758,59.0796,60.9204,-0.902667,-0.00714962,-0.0105818
01:51:18.023,40.1529,-43.6198,-73.6875,-74.793,0.410694,6.63758,59.2379,60.7621,-0.771767,-0.00631385,0.0159572
01:51:18.275,40.1529,-43.6198,-74.1875,-74.793,0.410694,6.63758,59.6657,60.3343,-0.422707,-0.00451424,0.0929552
01:51:18.527,40.1529,-43.6198,-74.3659,-74.793,0.410694,6.63758,59.6216,60.3784,-0.298167,-0.00272506,-0.077537
01:51:18.783,40.1529,-44.713,-74.4375,-73.4765,0.0928272,7.68357,61.0084,58.9916,0.670872,0.0014119,0.336095
01:51:19.031,40.1529,-44.713,-74.6875,-73.4765,0.0928272,7.68357,60.5775,59.4225,0.845405,0.00571994,-0.273669
01:51:19.283,40.1529,-44.713,-74.9909,-73.4765,0.0928272,7.68357,61.0345,58.9655,1.05721,0.00719497,-0.029873
01:51:19.535,40.1529,-44.713,-75.0625,-73.4765,0.0928272,7.68357,61.0435,58.9565,1.1072,0.0081798,-0.0719296
01:51:19.787,40.1529,-44.713,-74.9909,-73.4765,0.0928272,7.68357,61.0121,58.9879,1.05721,0.00817743,-0.0533201
01:51:20.043,40.1529,-44.713,-75,-73.4765,0.0928272,7.68357,61.0861,58.9139,1.06357,0.00804292,0.0144616
01:51:20.296,40.1529,-44.713,-74.625,-73.4765,0.0928272,7.68357,60.7002,59.2998,0.801772,0.00705051,-0.108607
01:51:20.547,40.1529,-44.713,-74.4388,-73.4765,0.0928272,7.68357,60.7139,59.2861,0.671799,0.00557623,0.036549
01:51:20.795,40.1529,-44.713,-74.1875,-73.4765,0.0928272,7.68357,60.4879,59.5121,0.496345,0.00439717,-0.0128186
01:51:21.051,40.1529,-44.713,-73.8763,-73.4765,0.0928272,7.68357,60.2627,59.7373,0.2791,0.00294373,-0.0193505
01:51:21.299,40.1529,-46.8994,-73.2513,-70.8383,-0.542906,9.77556,62.3626,57.6374,1.68464,0.00739454,0.670617
01:51:21.555,40.1529,-46.8994,-72.9375,-70.8383,-0.542906,9.77556,60.9173,59.0827,1.46557,0.0119381,-0.560216
01:51:21.803,40.1529,-46.8994,-72.6263,-70.8383,-0.542906,9.77556,61.1663,58.8337,1.24831,0.0102307,-0.0922071
01:51:22.059,41.2591,-46.8994,-72.3763,-75.237,0.515444,10.0972,56.7344,63.2656,-1.99715,-0.00283875,-1.26562
01:51:22.307,41.2591,-46.8994,-71.4377,-75.237,0.515444,10.0972,58.1947,61.8053,-2.65244,-0.0175242,0.864652
01:51:22.563,41.2591,-46.8994,-71.0013,-75.237,0.515444,10.0972,57.3092,62.6908,-2.95708,-0.0212668,0.287586
01:51:22.811,41.2591,-46.8994,-70.5627,-75.237,0.515444,10.0972,56.7603,63.2397,-3.2633,-0.0234448,0.0470684
01:51:23.063,41.2591,-46.8994,-70.4377,-75.237,0.515444,10.0972,56.7228,63.2772,-3.35058,-0.0250055,0.098403
01:51:23.319,41.2591,-49.0859,-70.3125,-72.6038,-0.120289,12.1892,59.1575,60.8425,-1.59962,-0.018748,0.775894
01:51:23.567,41.2591,-49.0859,-70.4375,-72.6038,-0.120289,12.1892,57.9148,62.0852,-1.51235,-0.0117387,-0.561134
01:51:23.822,41.2591,-49.0859,-70.5534,-72.6038,-0.120289,12.1892,58.4621,61.5379,-1.43145,-0.0111688,-0.0952387
01:51:24.072,41.2591,-49.0859,-71.2407,-72.6038,-0.120289,12.1892,59.1893,60.8107,-0.951621,-0.00896973,0.149879
01:51:24.326,41.2591,-49.0859,-71.5623,-72.6038,-0.120289,12.1892,59.1862,60.8138,-0.72709,-0.00639319,-0.0803508
01:51:24.575,41.2591,-49.0859,-71.8659,-72.6038,-0.120289,12.1892,59.4616,60.5384,-0.51515,-0.00466395,-0.0186198
01:51:24.831,41.2591,-49.0859,-72.1248,-72.6038,-0.120289,12.1892,59.6464,60.3536,-0.334386,-0.00321954,-0.0159519
01:51:25.078,41.2591,-49.0859,-72.8123,-72.6038,-0.120289,12.1892,60.2664,59.7336,0.14558,-0.000711177,0.121557
01:51:25.335,41.2591,-49.0859,-73,-72.6038,-0.120289,12.1892,60.1543,59.8457,0.276613,0.00160115,-0.123959
01:51:25.587,41.2591,-49.0859,-73.1875,-72.6038,-0.120289,12.1892,60.3895,59.6105,0.407513,0.00258497,-0.0205849
01:51:25.839,41.2591,-50.1791,-73.3659,-71.2842,-0.438155,13.2352,61.8353,58.1647,1.45329,0.00704026,0.374981
01:51:26.088,41.2591,-50.1791,-73.5625,-71.2842,-0.438155,13.2352,61.2875,58.7125,1.59056,0.0114801,-0.314543
01:51:26.343,41.2591,-50.1791,-73.5625,-71.2842,-0.438155,13.2352,61.494,58.506,1.59056,0.0120575,-0.108644
01:51:26.596,42.3652,-50.1791,-73.5638,-75.6888,0.620195,13.5568,57.2252,62.7748,-1.48352,0.000404119,-1.29164
01:51:26.846,42.3652,-50.1791,-73.4375,-75.6888,0.620195,13.5568,59.4397,60.5603,-1.57171,-0.0115361,1.02297
01:51:27.099,42.3652,-50.1791,-73.0638,-75.6888,0.620195,13.5568,58.2521,61.7479,-1.83258,-0.0129102,0.0976289
01:51:27.347,42.3652,-50.1791,-72.8125,-75.6888,0.620195,13.5568,58.0292,61.9708,-2.00805,-0.014449,0.0517162
01:51:27.599,42.3652,-50.1791,-72.875,-75.6888,0.620195,13.5568,58.1198,61.8802,-1.96441,-0.0150151,0.099255
01:51:27.855,42.3652,-50.1791,-72.6875,-75.6888,0.620195,13.5568,57.8336,62.1664,-2.09531,-0.0153817,-0.0557031
01:51:28.104,42.3652,-52.3656,-72.8125,-73.0329,-0.0155375,15.6488,60.6862,59.3138,-0.153851,-0.00850129,0.84859
01:51:28.358,42.3652,-52.3656,-72.875,-73.0329,-0.0155375,15.6488,59.2448,60.7552,-0.110223,-0.00100017,-0.643971
01:51:28.611,42.3652,-52.3656,-73.0625,-73.0329,-0.0155375,15.6488,59.9497,60.0503,0.0206819,-0.000337842,-0.0706016
01:51:28.865,42.3652,-52.3656,-73.125,-73.0329,-0.0155375,15.6488,60.0168,59.9832,0.0642938,0.000321307,-0.047808
01:51:29.111,42.3652,-52.3656,-73.4987,-73.0329,-0.0155375,15.6488,60.4089,59.5911,0.325188,0.00146799,0.0822173
01:51:29.367,42.3652,-52.3656,-73.625,-73.0329,-0.0155375,15.6488,60.3585,59.6415,0.413381,0.00280367,-0.0576651
01:51:29.619,42.3652,-52.3656,-73.625,-73.0329,-0.0155375,15.6488,60.3704,59.6296,0.413402,0.00312025,-0.0461037
01:51:29.870,42.3652,-52.3656,-73.6873,-73.0329,-0.0155375,15.6488,60.4705,59.5295,0.456881,0.00329114,0.0103504
01:51:30.125,42.3652,-52.3656,-73.75,-73.0329,-0.0155375,15.6488,60.5061,59.4939,0.500647,0.00361841,0.00183314
01:51:30.371,42.3652,-53.4588,-73.5002,-71.7236,-0.333404,16.6948,61.5358,58.4642,1.24031,0.00656508,0.288919
01:51:30.627,42.3652,-53.4588,-73.5,-71.7236,-0.333404,16.6948,60.992,59.008,1.2402,0.00940824,-0.257636
01:51:30.875,42.3652,-53.4588,-73.375,-71.7236,-0.333404,16.6948,61.083,58.917,1.15291,0.00901347,-0.0789721
01:51:31.131,42.3652,-53.4588,-73.3125,-71.7236,-0.333404,16.6948,61.1229,58.8771,1.1093,0.0085748,0.00499138
01:51:31.379,42.3652,-53.4588,-73.0002,-71.7236,-0.333404,16.6948,60.8273,59.1727,0.891248,0.00755014,-0.0714684
01:51:31.635,42.3652,-53.4588,-72.8139,-71.7236,-0.333404,16.6948,60.7919,59.2081,0.761158,0.00625979,0.0245294
01:51:31.887,43.4714,-53.4588,-72.1888,-76.1499,0.724947,17.0164,55.8253,64.1747,-2.76533,-0.00757541,-1.40179
01:51:32.135,43.4714,-53.4588,-71.8752,-76.1499,0.724947,17.0164,58.1343,61.8657,-2.98428,-0.0216587,1.1402
01:51:32.387,43.4714,-53.4588,-71.3841,-76.1499,0.724947,17.0164,56.7865,63.2135,-3.32712,-0.0238584,0.137495
01:51:32.640,43.4714,-55.6453,-71.1888,-73.4617,0.0892141,19.1084,59.277,60.723,-1.58679,-0.0186384,0.88247
01:51:32.895,43.4714,-55.6453,-71.1875,-73.4617,0.0892141,19.1084,57.8251,62.1749,-1.58772,-0.0119859,-0.575162
01:51:33.143,43.4714,-55.6453,-71.25,-73.4617,0.0892141,19.1084,58.3672,61.6328,-1.54409,-0.0118146,-0.0769097
01:51:33.398,43.4714,-55.6453,-71.3125,-73.4617,0.0892141,19.1084,58.4753,61.5247,-1.50045,-0.0115258,-0.0127151
01:51:33.647,43.4714,-55.6453,-71.5612,-73.4617,0.0892141,19.1084,58.7143,61.2857,-1.32685,-0.0106667,0.0517698
01:51:33.899,43.4714,-55.6453,-71.9284,-73.4617,0.0892141,19.1084,58.9632,61.0368,-1.07051,-0.00906743,0.042796
01:51:34.159,43.4714,-55.6453,-72.1875,-73.4617,0.0892141,19.1084,59.0789,60.9211,-0.889587,-0.00742898,-0.024078
01:51:34.407,43.4714,-55.6453,-72.5,-73.4617,0.0892141,19.1084,59.3341,60.6659,-0.671442,-0.00589659,0.0114282
01:51:34.659,43.4714,-55.6453,-72.75,-73.4617,0.0892141,19.1084,59.4825,60.5175,-0.496888,-0.00441413,-0.016157
01:51:34.908,43.4714,-55.6453,-73.2487,-73.4617,0.0892141,19.1084,59.9181,60.0819,-0.148754,-0.00243554,0.069289
01:51:35.167,43.4714,-57.8317,-73.5612,-70.8227,-0.546518,21.2004,62.637,57.363,1.91178,0.00668362,0.718504
01:51:35.411,43.4714,-57.8317,-73.8125,-70.8227,-0.546518,21.2004,61.4393,58.5607,2.08724,0.0150692,-0.663012
01:51:35.665,43.4714,-57.8317,-73.9375,-70.8227,-0.546518,21.2004,62.0449,57.9551,2.17451,0.0161769,-0.145764
01:51:35.919,43.4714,-57.8317,-73.9375,-70.8227,-0.546518,21.2004,62.1306,57.8694,2.17451,0.0164096,-0.0603441
01:51:36.167,43.4714,-57.8317,-73.8138,-70.8227,-0.546518,21.2004,62.0584,57.9416,2.08817,0.0160748,-0.0458179
01:51:36.419,43.4714,-57.8317,-73.4468,-70.8227,-0.546518,21.2004,61.7689,58.2311,1.83194,0.0148207,-0.0778897
01:51:36.671,44.5775,-57.8317,-72.8763,-75.2216,0.511832,21.522,57.0209,62.9791,-1.63731,0.000735917,-1.34248
01:51:36.923,44.5775,-57.8317,-72.4466,-75.2216,0.511832,21.522,59.1385,60.8615,-1.9373,-0.0135153,1.0893
01:51:37.179,44.5775,-58.9249,-71.948,-73.8919,0.193966,22.568,59.1735,60.8265,-1.35714,-0.0124957,0.543095
01:51:37.431,44.5775,-58.9249,-71.3139,-73.8919,0.193966,22.568,57.8544,62.1456,-1.79984,-0.0119179,-0.333813
01:51:37.682,44.5775,-58.9249,-70.9375,-73.8919,0.193966,22.568,57.942,62.058,-2.06259,-0.0146117,0.0192027
01:51:37.932,44.5775,-58.9249,-70.8125,-73.8919,0.193966,22.568,57.9101,62.0899,-2.14985,-0.0159157,0.0758414
01:51:38.183,44.5775,-58.9249,-70.75,-73.8919,0.193966,22.568,57.8208,62.1792,-2.19349,-0.0163707,0.0306901
01:51:38.439,44.5775,-58.9249,-70.625,-73.8919,0.193966,22.568,57.6894,62.3106,-2.28073,-0.016966,-0.0129361
01:51:38.687,44.5775,-58.9249,-70.8112,-73.8919,0.193966,22.568,57.9205,62.0795,-2.15078,-0.0166931,0.0880121
01:51:38.944,44.5775,-58.9249,-70.9362,-73.8919,0.193966,22.568,57.9174,62.0826,-2.06351,-0.0159845,-0.00308735
01:51:39.191,44.5775,-58.9249,-71.2487,-73.8919,0.193966,22.568,58.1937,61.8063,-1.84535,-0.0147275,0.0538151
01:51:39.447,44.5775,-58.9249,-71.5,-73.8919,0.193966,22.568,58.308,61.692,-1.66991,-0.0133005,-0.00876847
01:51:39.695,44.5775,-61.1114,-72.1159,-71.2689,-0.441766,24.66,61.4497,58.5503,0.591255,-0.00407339,0.862537
01:51:39.950,44.5775,-61.1114,-72.3737,-71.2689,-0.441766,24.66,60.0596,59.9404,0.771242,0.00516586,-0.716797
01:51:40.201,44.5775,-61.1114,-72.7498,-71.2689,-0.441766,24.66,60.956,59.044,1.03384,0.0068048,-0.0846742
01:51:40.455,44.5775,-61.1114,-73.125,-71.2689,-0.441766,24.66,61.2903,58.7097,1.29575,0.00882729,-0.0142699
01:51:40.703,44.5775,-61.1114,-73.4998,-71.2689,-0.441766,24.66,61.5657,58.4343,1.55743,0.0107573,-0.00246485
01:51:40.955,45.6836,-61.1114,-73.5625,-75.6731,0.616584,24.9816,57.1631,62.8369,-1.47349,0.000317169,-1.3637
01:51:41.208,45.6836,-61.1114,-73.625,-75.6731,0.616584,24.9816,59.6053,60.3947,-1.42984,-0.0109831,1.04614
01:51:41.459,45.6836,-61.1114,-73.5638,-75.6731,0.616584,24.9816,58.654,61.346,-1.47255,-0.0109669,0.137499
01:51:41.715,45.6837,-63.2978,-73.6875,-73.0181,-0.0191478,27.0736,61.306,58.694,0.46733,-0.00380472,0.842444
01:51:41.966,45.6837,-63.2978,-73.8125,-73.0181,-0.0191478,27.0736,59.934,60.066,0.554575,0.00388399,-0.624481
01:51:42.219,45.6837,-63.2978,-73.875,-73.0181,-0.0191478,27.0736,60.4807,59.5193,0.598229,0.00433735,-0.121906
01:51:42.468,45.6837,-63.2978,-73.875,-73.0181,-0.0191478,27.0736,60.5644,59.4356,0.598235,0.00451257,-0.038321
01:51:42.723,45.6837,-63.2978,-73.8125,-73.0181,-0.0191478,27.0736,60.5347,59.4653,0.554596,0.00437917,-0.0243091
01:51:42.974,45.6837,-63.2978,-73.8125,-73.0181,-0.0191478,27.0736,60.5729,59.4271,0.554596,0.00417969,0.0140742
01:51:43.228,45.6837,-63.2978,-73.8125,-73.0181,-0.0191478,27.0736,60.5611,59.4389,0.554596,0.00420017,0.00232673
01:51:43.475,45.6837,-63.2978,-73.5013,-73.0181,-0.0191478,27.0736,60.2509,59.7491,0.337357,0.00335831,-0.0898269
01:51:43.727,45.6837,-63.2978,-73.3216,-73.0181,-0.0191478,27.0736,60.2371,59.7629,0.211895,0.00207633,0.0231141
01:51:43.983,45.6837,-63.2978,-73.1875,-73.0181,-0.0191478,27.0736,60.1365,59.8635,0.118264,0.00125027,0.0169758
01:51:44.235,45.6837,-64.3911,-73,-71.7085,-0.337014,28.1196,61.2709,58.7291,0.901622,0.00385951,0.36546
01:51:44.485,45.6837,-64.3911,-72.5716,-71.7085,-0.337014,28.1196,60.2205,59.7795,0.602554,0.00568201,-0.387732
01:51:44.740,45.6837,-64.3911,-72.4375,-71.7085,-0.337014,28.1196,60.5339,59.4661,0.508917,0.00420663,0.0208135
01:51:44.987,45.6837,-64.3911,-72.1875,-71.7085,-0.337014,28.1196,60.3074,59.6926,0.33439,0.00317612,-0.0301267
01:51:45.242,45.6837,-64.3911,-71.8752,-71.7085,-0.337014,28.1196,60.0951,59.9049,0.116357,0.00170902,-0.0229367
01:51:45.491,45.6837,-64.3911,-71.5002,-71.7085,-0.337014,28.1196,59.8325,60.1675,-0.145448,-0.000109667,-0.0219644
01:51:45.747,45.6837,-64.3911,-71.2513,-71.7085,-0.337014,28.1196,59.7118,60.2882,-0.319187,-0.00176062,0.0327476
01:51:45.995,46.7898,-64.3911,-71.0625,-76.1338,0.721337,28.4412,55.1867,64.8133,-3.54044,-0.0145569,-1.2583
01:51:46.247,46.7898,-66.5775,-70.8125,-73.447,0.085605,30.5332,59.9692,60.0308,-1.83919,-0.0203406,1.82872
01:51:46.499,46.7898,-66.5775,-70.3138,-73.447,0.085605,30.5332,57.2517,62.7483,-2.18733,-0.0152106,-0.545782
01:51:46.751,46.7898,-66.5775,-70.25,-73.447,0.085605,30.5332,57.7867,62.2133,-2.2319,-0.0167026,0.035296
01:51:47.005,46.7898,-66.5775,-70.375,-73.447,0.085605,30.5332,57.899,62.101,-2.14463,-0.0166089,0.0602105
01:51:47.259,46.7898,-66.5775,-70.375,-73.447,0.085605,30.5332,57.813,62.187,-2.14465,-0.0161874,-0.0261934
01:51:47.510,46.7898,-66.5775,-70.5,-73.447,0.085605,30.5332,57.9586,62.0414,-2.05736,-0.0158834,0.0317993
01:51:47.759,46.7898,-66.5775,-70.7487,-73.447,0.085605,30.5332,58.1425,61.8575,-1.88375,-0.0148519,0.0410972
01:51:48.011,46.7898,-66.5775,-70.9987,-73.447,0.085605,30.5332,58.2843,61.7157,-1.70923,-0.0136028,0.00717615
01:51:48.267,46.7898,-66.5775,-71.3123,-73.447,0.085605,30.5332,58.5172,61.4828,-1.49026,-0.01211,0.0195596
01:51:48.515,46.7898,-66.5775,-71.9375,-73.447,0.085605,30.5332,59.03,60.97,-1.05379,-0.00960346,0.0933692
01:51:48.767,46.7898,-67.6708,-72.3123,-72.1431,-0.232261,31.5792,60.4347,59.5653,0.118139,-0.00353368,0.320108
01:51:49.024,46.7898,-67.6708,-72.6862,-72.1431,-0.232261,31.5792,60.058,59.942,0.379144,0.00188706,-0.32299
01:51:49.271,46.7898,-67.6708,-73.4987,-72.1431,-0.232261,31.5792,61.0248,58.9752,0.946382,0.00499976,0.0734075
01:51:49.527,46.7898,-67.6708,-73.625,-72.1431,-0.232261,31.5792,60.8561,59.1439,1.03457,0.00749552,-0.185971
01:51:49.779,46.7898,-67.6708,-73.75,-72.1431,-0.232261,31.5792,61.099,58.901,1.12184,0.00819915,-0.0310214
01:51:50.027,46.7898,-67.6708,-73.875,-72.1431,-0.232261,31.5792,61.2127,58.7873,1.20911,0.00873822,-0.00517163
01:51:50.279,47.8959,-67.6707,-73.9466,-76.6053,0.82609,31.9008,56.8352,63.1648,-1.85613,-0.00244444,-1.30627
01:51:50.531,47.8959,-67.6707,-73.875,-76.6053,0.82609,31.9008,59.1106,60.8894,-1.90612,-0.0142349,1.03094
01:51:50.783,47.8959,-67.6707,-73.6877,-76.6053,0.82609,31.9008,58.0855,61.9145,-2.03689,-0.014896,0.13732
01:51:51.035,47.8959,-67.6707,-73.75,-76.6053,0.82609,31.9008,58.0863,61.9137,-1.99339,-0.0152327,0.0948744
01:51:51.287,47.8959,-69.8572,-73.875,-76.6053,0.190358,33.9928,58.113,61.887,-1.90612,-0.0147423,0.0338188
